glyptodon/guacamole-server,https://github.com/glyptodon/guacamole-server,121,2016-03-09T02:42:37Z,2016-03-09T03:37:44Z,2016-03-09T03:37:46Z,MERGED,True,84,63,4,https://github.com/mike-jumper,GUAC-1389: Stretch RDP and VNC frames until client has caught up.,1,[],https://github.com/glyptodon/guacamole-server/pull/121,https://github.com/mike-jumper,1,https://github.com/glyptodon/guacamole-server/pull/121,"This change also sets the frame timeouts to zero, relying instead on the automatic duration adjustment.","This change also sets the frame timeouts to zero, relying instead on the automatic duration adjustment.",True,{}
glyptodon/guacamole-server,https://github.com/glyptodon/guacamole-server,122,2016-03-14T23:07:56Z,2016-03-15T00:26:12Z,2016-03-15T00:26:13Z,MERGED,True,429,692,17,https://github.com/mike-jumper,GUAC-1389: Update terminal to support screen sharing.,6,[],https://github.com/glyptodon/guacamole-server/pull/122,https://github.com/mike-jumper,1,https://github.com/glyptodon/guacamole-server/pull/122,,,True,{}
glyptodon/guacamole-server,https://github.com/glyptodon/guacamole-server,123,2016-03-15T01:33:34Z,2016-03-15T01:51:37Z,2016-03-15T01:51:39Z,MERGED,True,1048,628,18,https://github.com/mike-jumper,GUAC-1389: Add screen sharing support to SSH.,4,[],https://github.com/glyptodon/guacamole-server/pull/123,https://github.com/mike-jumper,1,https://github.com/glyptodon/guacamole-server/pull/123,Note that this also fixes GUAC-1381 via 7c2766b.,Note that this also fixes GUAC-1381 via 7c2766b.,True,{}
glyptodon/guacamole-server,https://github.com/glyptodon/guacamole-server,124,2016-03-15T03:13:26Z,2016-03-15T03:33:40Z,2016-03-15T03:33:42Z,MERGED,True,941,564,15,https://github.com/mike-jumper,GUAC-1389: Add screen sharing support to telnet.,3,[],https://github.com/glyptodon/guacamole-server/pull/124,https://github.com/mike-jumper,1,https://github.com/glyptodon/guacamole-server/pull/124,,,True,{}
glyptodon/guacamole-server,https://github.com/glyptodon/guacamole-server,125,2016-03-15T04:03:49Z,2016-03-16T03:41:28Z,2016-03-16T03:41:30Z,MERGED,True,5904,1,69,https://github.com/mike-jumper,GUAC-246: Implement screen recording,92,[],https://github.com/glyptodon/guacamole-server/pull/125,https://github.com/mike-jumper,1,https://github.com/glyptodon/guacamole-server/pull/125,,,True,{}
glyptodon/guacamole-server,https://github.com/glyptodon/guacamole-server,126,2016-03-16T17:33:05Z,2016-03-16T17:55:35Z,2016-03-16T17:55:37Z,MERGED,True,30,2,4,https://github.com/mike-jumper,GUAC-236: Add missing documentation for screen recording parameters of VNC and RDP.,2,[],https://github.com/glyptodon/guacamole-server/pull/126,https://github.com/mike-jumper,1,https://github.com/glyptodon/guacamole-server/pull/126,,,True,{}
glyptodon/guacamole-server,https://github.com/glyptodon/guacamole-server,127,2016-03-16T19:01:44Z,2016-03-16T19:08:33Z,2016-03-16T19:08:37Z,MERGED,True,68,2,1,https://github.com/mike-jumper,GUAC-236: Do not use features specific to libjpeg-turbo. Ensure compatibility with libjpeg.,1,[],https://github.com/glyptodon/guacamole-server/pull/127,https://github.com/mike-jumper,1,https://github.com/glyptodon/guacamole-server/pull/127,"The JCS_EXT_BGRX colorspace is convenient as it's exactly equivalent to Cairo's formats, but it's specific to libjpeg-turbo. Using that colorspace means guacenc fails to build against libjpeg, which is bad.
This change uses libjpeg's standard JCS_RGB and translates to Cairo's formats, rather than relying on features specific to libjpeg-turbo.","The JCS_EXT_BGRX colorspace is convenient as it's exactly equivalent to Cairo's formats, but it's specific to libjpeg-turbo. Using that colorspace means guacenc fails to build against libjpeg, which is bad.
This change uses libjpeg's standard JCS_RGB and translates to Cairo's formats, rather than relying on features specific to libjpeg-turbo.",True,{}
glyptodon/guacamole-server,https://github.com/glyptodon/guacamole-server,128,2016-03-17T01:55:06Z,2016-03-17T03:45:58Z,2016-03-17T03:45:59Z,MERGED,True,158,35,4,https://github.com/mike-jumper,GUAC-236: Provide support for much older versions of libavcodec.,1,[],https://github.com/glyptodon/guacamole-server/pull/128,https://github.com/mike-jumper,1,https://github.com/glyptodon/guacamole-server/pull/128,,,True,{}
glyptodon/guacamole-server,https://github.com/glyptodon/guacamole-server,129,2016-03-17T02:05:27Z,2016-03-17T04:37:06Z,2016-03-17T04:37:08Z,MERGED,True,391,200,12,https://github.com/mike-jumper,GUAC-1164: Add parameter for automatically reconnecting when display changes,11,[],https://github.com/glyptodon/guacamole-server/pull/129,https://github.com/mike-jumper,1,https://github.com/glyptodon/guacamole-server/pull/129,"This change adds a new ""reconnect-method"" parameter for RDP which accepts two values: ""reconnect"", which disconnects and reconnects the RDP session when the screen size changes, and ""display-update"", which uses the ""Display Update"" channel available with RDP 8.1+. If the parameter is left blank, screen size changes are simply ignored.","This change adds a new ""reconnect-method"" parameter for RDP which accepts two values: ""reconnect"", which disconnects and reconnects the RDP session when the screen size changes, and ""display-update"", which uses the ""Display Update"" channel available with RDP 8.1+. If the parameter is left blank, screen size changes are simply ignored.",True,{}
glyptodon/guacamole-server,https://github.com/glyptodon/guacamole-server,130,2016-03-17T04:53:02Z,2016-03-17T05:10:37Z,2016-03-17T05:10:38Z,MERGED,True,7,7,3,https://github.com/mike-jumper,GUAC-236: Do not exceed available buffers/layers/streams.,1,[],https://github.com/glyptodon/guacamole-server/pull/130,https://github.com/mike-jumper,1,https://github.com/glyptodon/guacamole-server/pull/130,Oops.,Oops.,True,{}
glyptodon/guacamole-server,https://github.com/glyptodon/guacamole-server,131,2016-03-17T04:53:28Z,2016-03-17T05:09:34Z,2016-03-17T05:09:35Z,MERGED,True,4,0,1,https://github.com/mike-jumper,GUAC-236: Do not attempt to lock/close fd if open fails.,1,[],https://github.com/glyptodon/guacamole-server/pull/131,https://github.com/mike-jumper,1,https://github.com/glyptodon/guacamole-server/pull/131,,,True,{}
glyptodon/guacamole-server,https://github.com/glyptodon/guacamole-server,132,2016-03-17T21:43:00Z,2016-05-20T01:06:40Z,2016-05-20T01:06:53Z,CLOSED,False,49,1,4,https://github.com/contil,GUACD-1513: systemd init script,1,[],https://github.com/glyptodon/guacamole-server/pull/132,https://github.com/contil,1,https://github.com/glyptodon/guacamole-server/pull/132,This adds support for native systemd init files instead of using the traditional initd init scripts. A new configuration option is been added to the configure.am.,This adds support for native systemd init files instead of using the traditional initd init scripts. A new configuration option is been added to the configure.am.,True,{}
glyptodon/guacamole-server,https://github.com/glyptodon/guacamole-server,132,2016-03-17T21:43:00Z,2016-05-20T01:06:40Z,2016-05-20T01:06:53Z,CLOSED,False,49,1,4,https://github.com/contil,GUACD-1513: systemd init script,1,[],https://github.com/glyptodon/guacamole-server/pull/132,https://github.com/mike-jumper,2,https://github.com/glyptodon/guacamole-server/pull/132#issuecomment-220492722,This adds support for native systemd init files instead of using the traditional initd init scripts. A new configuration option is been added to the configure.am.,"Hi @contil,
In the time since this was opened, the Guacamole project has moved to the Apache Incubator, as have the repositories. The new guacamole-server repository is here:
https://github.com/apache/incubator-guacamole-server
Mind reopening this as a pull request against the new Apache repository?
Sorry and thanks.",True,{}
glyptodon/guacamole-server,https://github.com/glyptodon/guacamole-server,132,2016-03-17T21:43:00Z,2016-05-20T01:06:40Z,2016-05-20T01:06:53Z,CLOSED,False,49,1,4,https://github.com/contil,GUACD-1513: systemd init script,1,[],https://github.com/glyptodon/guacamole-server/pull/132,https://github.com/mike-jumper,3,https://github.com/glyptodon/guacamole-server/pull/132#issuecomment-220492746,This adds support for native systemd init files instead of using the traditional initd init scripts. A new configuration option is been added to the configure.am.,NOTE: JIRA issue moved to GUACAMOLE-30.,True,{}
glyptodon/guacamole-server,https://github.com/glyptodon/guacamole-server,133,2016-03-18T01:31:46Z,2016-03-18T21:40:56Z,2016-03-18T21:40:58Z,MERGED,True,95,39,7,https://github.com/mike-jumper,GUAC-1164: Ensure RDP-related memory is freed between connect/disconnect cycles.,8,[],https://github.com/glyptodon/guacamole-server/pull/133,https://github.com/mike-jumper,1,https://github.com/glyptodon/guacamole-server/pull/133,,,True,{}
glyptodon/guacamole-server,https://github.com/glyptodon/guacamole-server,134,2016-05-26T21:05:00Z,2016-05-26T21:09:19Z,2016-05-26T21:16:01Z,CLOSED,False,124,63,4,https://github.com/tylermauthe,GUAC-1509: Do not abort VNC/RDP connection if SFTP fails,1,[],https://github.com/glyptodon/guacamole-server/pull/134,https://github.com/tylermauthe,1,https://github.com/glyptodon/guacamole-server/pull/134,,,True,{}
glyptodon/guacamole-server,https://github.com/glyptodon/guacamole-server,134,2016-05-26T21:05:00Z,2016-05-26T21:09:19Z,2016-05-26T21:16:01Z,CLOSED,False,124,63,4,https://github.com/tylermauthe,GUAC-1509: Do not abort VNC/RDP connection if SFTP fails,1,[],https://github.com/glyptodon/guacamole-server/pull/134,https://github.com/mike-jumper,2,https://github.com/glyptodon/guacamole-server/pull/134#issuecomment-221997103,,"Hi @tylermauthe,
Just saw this PR open (and close). In case of confusion, though I expect this may be why you closed the PR in the first place, the Guacamole project has moved to the Apache Incubator, as have the repositories. The new guacamole-server repository is here:
https://github.com/apache/incubator-guacamole-server
I went ahead and moved the original GUAC-1509 issue in the Glyptodon JIRA to GUACAMOLE-39 in the Apache JIRA. If you wish to open a new pull request, please do so against the new repository (and the new issue). Thanks!",True,{}
glyptodon/guacamole-server,https://github.com/glyptodon/guacamole-server,135,2017-03-28T15:41:10Z,2017-03-28T15:51:08Z,2017-03-28T15:51:08Z,CLOSED,False,5,0,1,https://github.com/derks,Include FFMPEG/Guacenc,2,[],https://github.com/glyptodon/guacamole-server/pull/135,https://github.com/derks,1,https://github.com/glyptodon/guacamole-server/pull/135,"The current docker image guacd does not include the guacenc utility.  Installing ffmpeg allows this to build and be included.
I imagine there are licensing issues that might prevent this pull from being accepted, but wanted to pass along how we're using it just in case it is useful.  Is there a better way to ensure guacenc is included in the build, and or is there a way we can get this into the official image?","The current docker image guacd does not include the guacenc utility.  Installing ffmpeg allows this to build and be included.
I imagine there are licensing issues that might prevent this pull from being accepted, but wanted to pass along how we're using it just in case it is useful.  Is there a better way to ensure guacenc is included in the build, and or is there a way we can get this into the official image?",True,{}
glyptodon/guacamole-server,https://github.com/glyptodon/guacamole-server,135,2017-03-28T15:41:10Z,2017-03-28T15:51:08Z,2017-03-28T15:51:08Z,CLOSED,False,5,0,1,https://github.com/derks,Include FFMPEG/Guacenc,2,[],https://github.com/glyptodon/guacamole-server/pull/135,https://github.com/mike-jumper,2,https://github.com/glyptodon/guacamole-server/pull/135#issuecomment-289815052,"The current docker image guacd does not include the guacenc utility.  Installing ffmpeg allows this to build and be included.
I imagine there are licensing issues that might prevent this pull from being accepted, but wanted to pass along how we're using it just in case it is useful.  Is there a better way to ensure guacenc is included in the build, and or is there a way we can get this into the official image?","The Guacamole project has moved to the Apache Incubator, as have the repositories, and the Docker images have been merged into the repositories for guacamole-client and guacamole-server. In this case, the relevant repository would be:
https://github.com/apache/incubator-guacamole-server
That said:
guacenc is intentionally excluded. The intent of the guacd Docker image is to provide guacd and only guacd. The guacenc utility, if required, is expected would need to be installed and run outside the container. Besides separation of concerns, running guacenc on a separate server helps prevent using up resources with video encoding, part of the reason that functionality was kept as a standalone utility.",True,{}
glyptodon/guacamole-server,https://github.com/glyptodon/guacamole-server,136,2017-06-25T04:53:47Z,2017-06-27T03:33:08Z,2017-06-27T03:43:24Z,MERGED,True,802,199,10,https://github.com/mike-jumper,GLYP-31: Merge 256-color terminal changes from GUACAMOLE-278 and GUACAMOLE-280.,4,[],https://github.com/glyptodon/guacamole-server/pull/136,https://github.com/mike-jumper,1,https://github.com/glyptodon/guacamole-server/pull/136,"This should be identical to the changes introduced via GUACAMOLE-278 and GUACAMOLE-80:
$ git log --pretty=oneline --merges incubator/master | grep 'GUACAMOLE-280\>\|GUACAMOLE-278\>'
9ee224f2ca3a57bb8212574f78171cfc76196adf GUACAMOLE-280: Merge low intensity SGR option.
04205a9b979077580f2e2a10746797a6bab4c4e7 GUACAMOLE-278: Merge counter fix for SGR parser.
0e5498fc83a05aebbc9558a4503af8c92abfdac6 GUACAMOLE-278: Merge SGR bright color support for terminal.
d88b5d1011e7d9dd0ce201ad1fabda7394a1287c GUACAMOLE-278: Merge 256-color support for terminal.
$ 

The above merges should correspond to the following upstream pull requests:

apache/guacamole-server#86
apache/guacamole-server#88
apache/guacamole-server#90
apache/guacamole-server#92","This should be identical to the changes introduced via GUACAMOLE-278 and GUACAMOLE-80:
$ git log --pretty=oneline --merges incubator/master | grep 'GUACAMOLE-280\>\|GUACAMOLE-278\>'
9ee224f2ca3a57bb8212574f78171cfc76196adf GUACAMOLE-280: Merge low intensity SGR option.
04205a9b979077580f2e2a10746797a6bab4c4e7 GUACAMOLE-278: Merge counter fix for SGR parser.
0e5498fc83a05aebbc9558a4503af8c92abfdac6 GUACAMOLE-278: Merge SGR bright color support for terminal.
d88b5d1011e7d9dd0ce201ad1fabda7394a1287c GUACAMOLE-278: Merge 256-color support for terminal.
$ 

The above merges should correspond to the following upstream pull requests:

apache/guacamole-server#86
apache/guacamole-server#88
apache/guacamole-server#90
apache/guacamole-server#92",True,{}
glyptodon/guacamole-server,https://github.com/glyptodon/guacamole-server,136,2017-06-25T04:53:47Z,2017-06-27T03:33:08Z,2017-06-27T03:43:24Z,MERGED,True,802,199,10,https://github.com/mike-jumper,GLYP-31: Merge 256-color terminal changes from GUACAMOLE-278 and GUACAMOLE-280.,4,[],https://github.com/glyptodon/guacamole-server/pull/136,https://github.com/mike-jumper,2,https://github.com/glyptodon/guacamole-server/pull/136#issuecomment-310944916,"This should be identical to the changes introduced via GUACAMOLE-278 and GUACAMOLE-80:
$ git log --pretty=oneline --merges incubator/master | grep 'GUACAMOLE-280\>\|GUACAMOLE-278\>'
9ee224f2ca3a57bb8212574f78171cfc76196adf GUACAMOLE-280: Merge low intensity SGR option.
04205a9b979077580f2e2a10746797a6bab4c4e7 GUACAMOLE-278: Merge counter fix for SGR parser.
0e5498fc83a05aebbc9558a4503af8c92abfdac6 GUACAMOLE-278: Merge SGR bright color support for terminal.
d88b5d1011e7d9dd0ce201ad1fabda7394a1287c GUACAMOLE-278: Merge 256-color support for terminal.
$ 

The above merges should correspond to the following upstream pull requests:

apache/guacamole-server#86
apache/guacamole-server#88
apache/guacamole-server#90
apache/guacamole-server#92",Going to see if maybe there's a better merging model which doesn't require cherry picking.,True,{}
glyptodon/guacamole-server,https://github.com/glyptodon/guacamole-server,136,2017-06-25T04:53:47Z,2017-06-27T03:33:08Z,2017-06-27T03:43:24Z,MERGED,True,802,199,10,https://github.com/mike-jumper,GLYP-31: Merge 256-color terminal changes from GUACAMOLE-278 and GUACAMOLE-280.,4,[],https://github.com/glyptodon/guacamole-server/pull/136,https://github.com/mike-jumper,3,https://github.com/glyptodon/guacamole-server/pull/136#issuecomment-310948619,"This should be identical to the changes introduced via GUACAMOLE-278 and GUACAMOLE-80:
$ git log --pretty=oneline --merges incubator/master | grep 'GUACAMOLE-280\>\|GUACAMOLE-278\>'
9ee224f2ca3a57bb8212574f78171cfc76196adf GUACAMOLE-280: Merge low intensity SGR option.
04205a9b979077580f2e2a10746797a6bab4c4e7 GUACAMOLE-278: Merge counter fix for SGR parser.
0e5498fc83a05aebbc9558a4503af8c92abfdac6 GUACAMOLE-278: Merge SGR bright color support for terminal.
d88b5d1011e7d9dd0ce201ad1fabda7394a1287c GUACAMOLE-278: Merge 256-color support for terminal.
$ 

The above merges should correspond to the following upstream pull requests:

apache/guacamole-server#86
apache/guacamole-server#88
apache/guacamole-server#90
apache/guacamole-server#92","OK, it seems this really is the best way to go. There are three options overall:

Merge upstream normally, reverting any undesired commits individually via additional commits from git revert.
Rebase the upstream commits onto the divergent downstream branch.
Cherry-pick the upstream merge commit, resulting in a single non-merge commit containing the squashed upstream changes (git cherry-pick -x -m1 UPSTREAM_MERGE_COMMIT).

Option 1 would become rapidly unmaintainable as the number of undesired commits grows, and would make things awkward when previously-reverted commits are accepted later. The git history would be crazy.
Option 2 would work decently, but would be difficult in practice for larger changes or for sufficiently-divergent bases. Rather than dealing with merge conflicts on the overall merge result, conflicts would need to be dealt with every step of the way, even when the associated commits are ultimately immaterial to the final result or irrelevant to the diverged base.
That leaves option 3, which works absolutely fine with the exception of the loss of underlying history, but that may just be a fact we need to accept. When changes are backported in this manner, they really are separate and new changes, and thus warrant fresh commits.",True,{}
glyptodon/guacamole-server,https://github.com/glyptodon/guacamole-server,136,2017-06-25T04:53:47Z,2017-06-27T03:33:08Z,2017-06-27T03:43:24Z,MERGED,True,802,199,10,https://github.com/mike-jumper,GLYP-31: Merge 256-color terminal changes from GUACAMOLE-278 and GUACAMOLE-280.,4,[],https://github.com/glyptodon/guacamole-server/pull/136,https://github.com/mike-jumper,4,https://github.com/glyptodon/guacamole-server/pull/136#issuecomment-311131827,"This should be identical to the changes introduced via GUACAMOLE-278 and GUACAMOLE-80:
$ git log --pretty=oneline --merges incubator/master | grep 'GUACAMOLE-280\>\|GUACAMOLE-278\>'
9ee224f2ca3a57bb8212574f78171cfc76196adf GUACAMOLE-280: Merge low intensity SGR option.
04205a9b979077580f2e2a10746797a6bab4c4e7 GUACAMOLE-278: Merge counter fix for SGR parser.
0e5498fc83a05aebbc9558a4503af8c92abfdac6 GUACAMOLE-278: Merge SGR bright color support for terminal.
d88b5d1011e7d9dd0ce201ad1fabda7394a1287c GUACAMOLE-278: Merge 256-color support for terminal.
$ 

The above merges should correspond to the following upstream pull requests:

apache/guacamole-server#86
apache/guacamole-server#88
apache/guacamole-server#90
apache/guacamole-server#92",Hold please - rebasing things such that the same cherry-pick methodology is used for all changes since 0.9.12.,True,{}
glyptodon/guacamole-server,https://github.com/glyptodon/guacamole-server,136,2017-06-25T04:53:47Z,2017-06-27T03:33:08Z,2017-06-27T03:43:24Z,MERGED,True,802,199,10,https://github.com/mike-jumper,GLYP-31: Merge 256-color terminal changes from GUACAMOLE-278 and GUACAMOLE-280.,4,[],https://github.com/glyptodon/guacamole-server/pull/136,https://github.com/mike-jumper,5,https://github.com/glyptodon/guacamole-server/pull/136#issuecomment-311133699,"This should be identical to the changes introduced via GUACAMOLE-278 and GUACAMOLE-80:
$ git log --pretty=oneline --merges incubator/master | grep 'GUACAMOLE-280\>\|GUACAMOLE-278\>'
9ee224f2ca3a57bb8212574f78171cfc76196adf GUACAMOLE-280: Merge low intensity SGR option.
04205a9b979077580f2e2a10746797a6bab4c4e7 GUACAMOLE-278: Merge counter fix for SGR parser.
0e5498fc83a05aebbc9558a4503af8c92abfdac6 GUACAMOLE-278: Merge SGR bright color support for terminal.
d88b5d1011e7d9dd0ce201ad1fabda7394a1287c GUACAMOLE-278: Merge 256-color support for terminal.
$ 

The above merges should correspond to the following upstream pull requests:

apache/guacamole-server#86
apache/guacamole-server#88
apache/guacamole-server#90
apache/guacamole-server#92",OK - things look better on the main branch now. Need to reopen prior to pushing the rebase...,True,{}
glyptodon/guacamole-server,https://github.com/glyptodon/guacamole-server,136,2017-06-25T04:53:47Z,2017-06-27T03:33:08Z,2017-06-27T03:43:24Z,MERGED,True,802,199,10,https://github.com/mike-jumper,GLYP-31: Merge 256-color terminal changes from GUACAMOLE-278 and GUACAMOLE-280.,4,[],https://github.com/glyptodon/guacamole-server/pull/136,https://github.com/mike-jumper,6,https://github.com/glyptodon/guacamole-server/pull/136#issuecomment-311134428,"This should be identical to the changes introduced via GUACAMOLE-278 and GUACAMOLE-80:
$ git log --pretty=oneline --merges incubator/master | grep 'GUACAMOLE-280\>\|GUACAMOLE-278\>'
9ee224f2ca3a57bb8212574f78171cfc76196adf GUACAMOLE-280: Merge low intensity SGR option.
04205a9b979077580f2e2a10746797a6bab4c4e7 GUACAMOLE-278: Merge counter fix for SGR parser.
0e5498fc83a05aebbc9558a4503af8c92abfdac6 GUACAMOLE-278: Merge SGR bright color support for terminal.
d88b5d1011e7d9dd0ce201ad1fabda7394a1287c GUACAMOLE-278: Merge 256-color support for terminal.
$ 

The above merges should correspond to the following upstream pull requests:

apache/guacamole-server#86
apache/guacamole-server#88
apache/guacamole-server#90
apache/guacamole-server#92",OK. Good to go.,True,{}
glyptodon/guacamole-server,https://github.com/glyptodon/guacamole-server,137,2017-07-11T21:40:54Z,2017-07-12T06:57:44Z,2017-07-13T15:08:14Z,MERGED,True,4,0,1,https://github.com/mike-jumper,GLYP-36: Ignore Windows' alternative streams.,1,[],https://github.com/glyptodon/guacamole-server/pull/137,https://github.com/mike-jumper,1,https://github.com/glyptodon/guacamole-server/pull/137,,,True,{}
glyptodon/guacamole-server,https://github.com/glyptodon/guacamole-server,138,2017-10-24T13:51:25Z,2017-10-24T15:06:56Z,2017-10-24T15:06:56Z,CLOSED,False,4,0,1,https://github.com/itsankoff,GUACAMOLE-424: Fix a crash if vnc password does not match remote password,1,[],https://github.com/glyptodon/guacamole-server/pull/138,https://github.com/itsankoff,1,https://github.com/glyptodon/guacamole-server/pull/138,"Introduce an easy patch which prevents a null pointer dereference when client can't connect to the remote server over VNC protocol due to VNC password mismatch. Actually there are other places where it is possible to hit the same problem, but an improvements for them may be introduced in future PRs.","Introduce an easy patch which prevents a null pointer dereference when client can't connect to the remote server over VNC protocol due to VNC password mismatch. Actually there are other places where it is possible to hit the same problem, but an improvements for them may be introduced in future PRs.",True,{}
glyptodon/guacamole-server,https://github.com/glyptodon/guacamole-server,138,2017-10-24T13:51:25Z,2017-10-24T15:06:56Z,2017-10-24T15:06:56Z,CLOSED,False,4,0,1,https://github.com/itsankoff,GUACAMOLE-424: Fix a crash if vnc password does not match remote password,1,[],https://github.com/glyptodon/guacamole-server/pull/138,https://github.com/mike-jumper,2,https://github.com/glyptodon/guacamole-server/pull/138#issuecomment-339022734,"Introduce an easy patch which prevents a null pointer dereference when client can't connect to the remote server over VNC protocol due to VNC password mismatch. Actually there are other places where it is possible to hit the same problem, but an improvements for them may be introduced in future PRs.","@itsankoff the Guacamole project has moved to the Apache Incubator, so that is the place to open new pull requests:
https://github.com/apache/incubator-guacamole-server
Please open your pull request against the upstream repository instead.",True,{}
glyptodon/guacamole-server,https://github.com/glyptodon/guacamole-server,139,2018-01-04T04:58:53Z,2018-01-04T05:03:14Z,2018-01-04T05:05:25Z,MERGED,True,11,11,2,https://github.com/mike-jumper,GLEN-115: Backport build changes supporting out-of-tree builds,1,[],https://github.com/glyptodon/guacamole-server/pull/139,https://github.com/mike-jumper,1,https://github.com/glyptodon/guacamole-server/pull/139,"Upstream has recently modified the guacamole-server build such that it correctly builds out-of-tree. This is nice, but results in merge conflicts for all backports after that point in history.
For the sake of any future backports, including those slated for 1.6, this change should be backported as well.","Upstream has recently modified the guacamole-server build such that it correctly builds out-of-tree. This is nice, but results in merge conflicts for all backports after that point in history.
For the sake of any future backports, including those slated for 1.6, this change should be backported as well.",True,{}
glyptodon/guacamole-server,https://github.com/glyptodon/guacamole-server,140,2018-01-04T05:07:14Z,2018-01-04T05:25:01Z,2018-01-04T05:46:00Z,MERGED,True,115,0,3,https://github.com/mike-jumper,GLEN-109: Backport RDP support for Brazilian and UK English keyboards.,2,[],https://github.com/glyptodon/guacamole-server/pull/140,https://github.com/mike-jumper,1,https://github.com/glyptodon/guacamole-server/pull/140,,,True,{}
glyptodon/guacamole-server,https://github.com/glyptodon/guacamole-server,141,2018-01-04T05:18:56Z,2018-01-04T05:32:34Z,2018-01-04T05:32:55Z,MERGED,True,12,14,1,https://github.com/mike-jumper,GLEN-113: Backport IPv6 support for SSH.,1,[],https://github.com/glyptodon/guacamole-server/pull/141,https://github.com/mike-jumper,1,https://github.com/glyptodon/guacamole-server/pull/141,,,True,{}
glyptodon/guacamole-server,https://github.com/glyptodon/guacamole-server,142,2018-01-04T05:35:16Z,2018-01-04T05:45:41Z,2018-01-04T05:47:44Z,MERGED,True,37,5,3,https://github.com/mike-jumper,GLEN-111: Backport fix for VNC segfault upon disconnect.,1,[],https://github.com/glyptodon/guacamole-server/pull/142,https://github.com/mike-jumper,1,https://github.com/glyptodon/guacamole-server/pull/142,,,True,{}
glyptodon/guacamole-server,https://github.com/glyptodon/guacamole-server,143,2018-01-04T06:07:51Z,2018-01-04T06:13:03Z,2018-01-04T06:23:33Z,MERGED,True,6,0,4,https://github.com/mike-jumper,GLEN-110: Backport fixes for low-impact memory leaks addressed upstream.,3,[],https://github.com/glyptodon/guacamole-server/pull/143,https://github.com/mike-jumper,1,https://github.com/glyptodon/guacamole-server/pull/143,,,True,{}
glyptodon/guacamole-server,https://github.com/glyptodon/guacamole-server,144,2018-01-04T06:18:11Z,2018-01-04T06:21:27Z,2018-01-04T06:23:45Z,MERGED,True,6,1,1,https://github.com/mike-jumper,GLEN-114: Backport fix for segfault due to invalid private key.,1,[],https://github.com/glyptodon/guacamole-server/pull/144,https://github.com/mike-jumper,1,https://github.com/glyptodon/guacamole-server/pull/144,,,True,{}
glyptodon/guacamole-server,https://github.com/glyptodon/guacamole-server,145,2018-01-04T06:23:08Z,2018-01-04T06:27:25Z,2018-01-04T06:36:10Z,MERGED,True,1037,4,6,https://github.com/mike-jumper,GLEN-112: Backport support for mutable terminal palette.,1,[],https://github.com/glyptodon/guacamole-server/pull/145,https://github.com/mike-jumper,1,https://github.com/glyptodon/guacamole-server/pull/145,,,True,{}
glyptodon/guacamole-server,https://github.com/glyptodon/guacamole-server,146,2018-01-04T06:48:43Z,2018-01-04T06:52:02Z,2018-01-04T06:52:07Z,MERGED,True,138,32,7,https://github.com/mike-jumper,GLEN-112: Add support for modification of terminal palette.,1,[],https://github.com/glyptodon/guacamole-server/pull/146,https://github.com/mike-jumper,1,https://github.com/glyptodon/guacamole-server/pull/146,"PR #145 added support for console codes that modify the terminal, but was missing backported code from the other half of GUACAMOLE-279 which added core support for terminal mutability. This PR backports those changes, as well.","PR #145 added support for console codes that modify the terminal, but was missing backported code from the other half of GUACAMOLE-279 which added core support for terminal mutability. This PR backports those changes, as well.",True,{}
glyptodon/guacamole-server,https://github.com/glyptodon/guacamole-server,147,2018-01-30T20:39:07Z,2018-01-30T23:19:52Z,2018-01-30T23:29:27Z,MERGED,True,135,1,3,https://github.com/mike-jumper,GLEN-109: Additionally backport RDP keymaps for Turkish-Q and Spanish keyboards.,2,[],https://github.com/glyptodon/guacamole-server/pull/147,https://github.com/mike-jumper,1,https://github.com/glyptodon/guacamole-server/pull/147,,,True,{}
glyptodon/guacamole-server,https://github.com/glyptodon/guacamole-server,148,2018-04-25T21:33:57Z,2018-04-25T21:38:13Z,2018-04-25T21:41:36Z,MERGED,True,47,6,4,https://github.com/mike-jumper,GLEN-123: Add support for changing SSH/telnet window title,2,[],https://github.com/glyptodon/guacamole-server/pull/148,https://github.com/mike-jumper,1,https://github.com/glyptodon/guacamole-server/pull/148,"These changes, combining upstream GUACAMOLE-265 and GUACAMOLE-502, are the server-side changes required by glyptodon/guacamole-client#365.
GUACAMOLE-265 adds the base support for sending the ""name"" instruction in response to the terminal code used to change window title, while GUACAMOLE-502 fixes the behavioral regression in the handling of connection name/title for VNC and RDP which resulted from those changes. Together, these changes add the necessary support in a stable manner.","These changes, combining upstream GUACAMOLE-265 and GUACAMOLE-502, are the server-side changes required by glyptodon/guacamole-client#365.
GUACAMOLE-265 adds the base support for sending the ""name"" instruction in response to the terminal code used to change window title, while GUACAMOLE-502 fixes the behavioral regression in the handling of connection name/title for VNC and RDP which resulted from those changes. Together, these changes add the necessary support in a stable manner.",True,{}
glyptodon/guacamole-server,https://github.com/glyptodon/guacamole-server,149,2018-04-25T22:47:55Z,2018-04-25T23:01:40Z,2018-04-25T23:03:50Z,MERGED,True,40,3,4,https://github.com/mike-jumper,GLEN-121: Address potential segfault during SSH disconnect.,1,[],https://github.com/glyptodon/guacamole-server/pull/149,https://github.com/mike-jumper,1,https://github.com/glyptodon/guacamole-server/pull/149,"From upstream GUACAMOLE-384:

Looks like the terminal is being freed during normal connection cleanup, but prior to the SSH client thread finishing. Depending on timing, attempts to write to the terminal by the SSH client thread segfault since the terminal was already freed.
This needs to be fixed, but will not affect the stability of connections in practice, as the segfault is occurring during normal disconnect.
...
Yes, that's what I meant by the comment above.
The thread in this case is the SSH client thread, created to handle the underlying SSH connection after the first user joins:
https://github.com/apache/incubator-guacamole-server/blob/d35cc7a83e8dfdaa44cbd3b02c70e9407197155a/src/protocols/ssh/user.c#L56-L70
If you look at the free handler for the guac_client created for the SSH connection, you can see that the terminal is freed prior to waiting for the thread to finish:
https://github.com/apache/incubator-guacamole-server/blob/d35cc7a83e8dfdaa44cbd3b02c70e9407197155a/src/protocols/ssh/client.c#L73-L74
This creates a race condition which could result in data being written by the client thread to the freed terminal, causing a segfault. The fix may be as simple as switching the order of those lines, but such a change will need to be carefully verified. The SSH client thread depends on certain conditions for the thread to terminate. If switching those lines results in a chance of those conditions not occurring, then we'll be replacing a low-impact segfault with high-impact deadlock.
The SSH client and input threads should probably take the client running state into account (the value manipulated by guac_client_stop()), to ensure they will terminate regardless of the current state of the terminal or underlying SSH connection.","From upstream GUACAMOLE-384:

Looks like the terminal is being freed during normal connection cleanup, but prior to the SSH client thread finishing. Depending on timing, attempts to write to the terminal by the SSH client thread segfault since the terminal was already freed.
This needs to be fixed, but will not affect the stability of connections in practice, as the segfault is occurring during normal disconnect.
...
Yes, that's what I meant by the comment above.
The thread in this case is the SSH client thread, created to handle the underlying SSH connection after the first user joins:
https://github.com/apache/incubator-guacamole-server/blob/d35cc7a83e8dfdaa44cbd3b02c70e9407197155a/src/protocols/ssh/user.c#L56-L70
If you look at the free handler for the guac_client created for the SSH connection, you can see that the terminal is freed prior to waiting for the thread to finish:
https://github.com/apache/incubator-guacamole-server/blob/d35cc7a83e8dfdaa44cbd3b02c70e9407197155a/src/protocols/ssh/client.c#L73-L74
This creates a race condition which could result in data being written by the client thread to the freed terminal, causing a segfault. The fix may be as simple as switching the order of those lines, but such a change will need to be carefully verified. The SSH client thread depends on certain conditions for the thread to terminate. If switching those lines results in a chance of those conditions not occurring, then we'll be replacing a low-impact segfault with high-impact deadlock.
The SSH client and input threads should probably take the client running state into account (the value manipulated by guac_client_stop()), to ensure they will terminate regardless of the current state of the terminal or underlying SSH connection.",True,{}
glyptodon/guacamole-server,https://github.com/glyptodon/guacamole-server,150,2018-04-25T23:02:12Z,2018-04-26T00:02:41Z,2018-04-26T00:05:05Z,MERGED,True,207,10,2,https://github.com/mike-jumper,GLEN-128: Backport support for automatic cleanup of wayward guacd processes.,1,[],https://github.com/glyptodon/guacamole-server/pull/150,https://github.com/mike-jumper,1,https://github.com/glyptodon/guacamole-server/pull/150,,,True,{}
glyptodon/guacamole-server,https://github.com/glyptodon/guacamole-server,151,2018-04-25T23:12:47Z,2018-04-26T00:06:00Z,2018-04-26T00:06:18Z,MERGED,True,8,6,3,https://github.com/mike-jumper,GLEN-122: Backport fixes for buffer handling and threadsafety,3,[],https://github.com/glyptodon/guacamole-server/pull/151,https://github.com/mike-jumper,1,https://github.com/glyptodon/guacamole-server/pull/151,"Relevant issues:

GUACAMOLE-324 - ""Incorrect buffer used in socket write""
GUACAMOLE-411 - ""guacd_send_fd call's sendmsg with uninitialized buffer""
GUACAMOLE-489 - ""Secondary socket of ""tee"" socket is not threadsafe""","Relevant issues:

GUACAMOLE-324 - ""Incorrect buffer used in socket write""
GUACAMOLE-411 - ""guacd_send_fd call's sendmsg with uninitialized buffer""
GUACAMOLE-489 - ""Secondary socket of ""tee"" socket is not threadsafe""",True,{}
glyptodon/guacamole-server,https://github.com/glyptodon/guacamole-server,152,2018-04-25T23:18:07Z,2018-04-26T00:03:31Z,2018-04-26T00:05:13Z,MERGED,True,1,0,1,https://github.com/mike-jumper,"GLEN-124: Add missing RDP key mapping for ""Print Screen""",1,[],https://github.com/glyptodon/guacamole-server/pull/152,https://github.com/mike-jumper,1,https://github.com/glyptodon/guacamole-server/pull/152,,,True,{}
glyptodon/guacamole-server,https://github.com/glyptodon/guacamole-server,153,2018-07-31T21:45:35Z,2018-08-01T03:02:19Z,2018-08-01T03:02:30Z,MERGED,True,20,19,8,https://github.com/mike-jumper,GLEN-139: Add Glyptodon Enterprise version number suffix.,2,[],https://github.com/glyptodon/guacamole-server/pull/153,https://github.com/mike-jumper,1,https://github.com/glyptodon/guacamole-server/pull/153,"Note that this change also includes a commit which cherry-picks the following upstream commits:

76a6e41 GUACAMOLE-423: Automatically populate package version within manpages.
139251e GUACAMOLE-492: Remove guaclog binary erroneously added to source tree.

This has been done so that the version numbers within the documentation (man pages) are also updated.","Note that this change also includes a commit which cherry-picks the following upstream commits:

76a6e41 GUACAMOLE-423: Automatically populate package version within manpages.
139251e GUACAMOLE-492: Remove guaclog binary erroneously added to source tree.

This has been done so that the version numbers within the documentation (man pages) are also updated.",True,{}
glyptodon/guacamole-server,https://github.com/glyptodon/guacamole-server,154,2018-08-01T05:12:43Z,2018-08-01T05:17:12Z,2018-08-01T05:17:14Z,MERGED,True,107,50,9,https://github.com/mike-jumper,"GLEN-137: Backport ""-v"" parameter.",1,[],https://github.com/glyptodon/guacamole-server/pull/154,https://github.com/mike-jumper,1,https://github.com/glyptodon/guacamole-server/pull/154,,,True,{}
glyptodon/guacamole-server,https://github.com/glyptodon/guacamole-server,155,2018-08-01T05:18:25Z,2018-08-01T05:21:08Z,2018-08-01T05:26:57Z,MERGED,True,3,2,2,https://github.com/mike-jumper,GLEN-138: Use client name by default for RDPDR devices.,1,[],https://github.com/glyptodon/guacamole-server/pull/155,https://github.com/mike-jumper,1,https://github.com/glyptodon/guacamole-server/pull/155,,,True,{}
glyptodon/guacamole-server,https://github.com/glyptodon/guacamole-server,156,2018-08-02T03:35:36Z,2018-08-02T04:15:13Z,2018-08-02T17:18:11Z,MERGED,True,87,38,14,https://github.com/mike-jumper,GLEN-141: Address race condition in receipt of clipboard data within terminal.,1,[],https://github.com/glyptodon/guacamole-server/pull/156,https://github.com/mike-jumper,1,https://github.com/glyptodon/guacamole-server/pull/156,,,True,{}
glyptodon/guacamole-server,https://github.com/glyptodon/guacamole-server,157,2018-08-02T03:42:08Z,2018-08-02T04:12:09Z,2018-08-02T04:13:35Z,MERGED,True,707,322,9,https://github.com/mike-jumper,GLEN-145: Add support for selecting text within terminal while scrolling,2,[],https://github.com/glyptodon/guacamole-server/pull/157,https://github.com/mike-jumper,1,https://github.com/glyptodon/guacamole-server/pull/157,,,True,{}
glyptodon/guacamole-server,https://github.com/glyptodon/guacamole-server,158,2018-11-04T19:57:18Z,2018-11-04T23:27:35Z,2018-11-04T23:32:39Z,MERGED,True,267,8,11,https://github.com/mike-jumper,GLEN-151: Add SSH/telnet parameters for controlling terminal behavior.,2,[],https://github.com/glyptodon/guacamole-server/pull/158,https://github.com/mike-jumper,1,https://github.com/glyptodon/guacamole-server/pull/158,,,True,{}
glyptodon/guacamole-server,https://github.com/glyptodon/guacamole-server,159,2018-11-04T20:10:37Z,2018-11-04T23:39:15Z,2018-11-04T23:39:51Z,MERGED,True,157,82,11,https://github.com/mike-jumper,GLEN-150: Allow RDP devices to be renamed.,2,[],https://github.com/glyptodon/guacamole-server/pull/159,https://github.com/mike-jumper,1,https://github.com/glyptodon/guacamole-server/pull/159,,,True,{}
glyptodon/guacamole-server,https://github.com/glyptodon/guacamole-server,160,2018-11-04T20:15:57Z,2018-11-04T23:32:57Z,2018-11-04T23:33:02Z,MERGED,True,32,16,1,https://github.com/mike-jumper,GLEN-148: Dynamically adjust JPEG/WebP quality.,1,[],https://github.com/glyptodon/guacamole-server/pull/160,https://github.com/mike-jumper,1,https://github.com/glyptodon/guacamole-server/pull/160,,,True,{}
glyptodon/guacamole-server,https://github.com/glyptodon/guacamole-server,161,2018-11-04T20:17:46Z,2018-11-04T23:30:24Z,2018-11-04T23:33:52Z,MERGED,True,1,1,1,https://github.com/mike-jumper,GLEN-149: Correct RDP mapping of right control key.,1,[],https://github.com/glyptodon/guacamole-server/pull/161,https://github.com/mike-jumper,1,https://github.com/glyptodon/guacamole-server/pull/161,,,True,{}
glyptodon/guacamole-server,https://github.com/glyptodon/guacamole-server,162,2018-11-04T20:20:10Z,2018-11-04T23:23:20Z,2018-11-04T23:30:18Z,MERGED,True,31,0,2,https://github.com/mike-jumper,GLEN-153: Ignore APC escape sequences.,1,[],https://github.com/glyptodon/guacamole-server/pull/162,https://github.com/mike-jumper,1,https://github.com/glyptodon/guacamole-server/pull/162,,,True,{}
glyptodon/guacamole-server,https://github.com/glyptodon/guacamole-server,163,2018-11-04T20:54:19Z,2018-11-04T23:28:33Z,2018-11-04T23:33:34Z,MERGED,True,1,1,1,https://github.com/mike-jumper,GLEN-154: Bump GLEN-specific version suffix to 1.9.,1,[],https://github.com/glyptodon/guacamole-server/pull/163,https://github.com/mike-jumper,1,https://github.com/glyptodon/guacamole-server/pull/163,,,True,{}
glyptodon/guacamole-server,https://github.com/glyptodon/guacamole-server,164,2019-02-09T20:29:54Z,2019-02-09T23:46:42Z,2019-02-09T23:57:47Z,MERGED,True,2,2,2,https://github.com/mike-jumper,GLEN-131: Add Glyptodon Enterprise 2.x version suffix to build artifacts.,1,[],https://github.com/glyptodon/guacamole-server/pull/164,https://github.com/mike-jumper,1,https://github.com/glyptodon/guacamole-server/pull/164,,,True,{}
glyptodon/guacamole-server,https://github.com/glyptodon/guacamole-server,165,2019-04-03T07:33:02Z,2019-04-03T07:57:30Z,2019-04-03T07:57:30Z,CLOSED,False,5,0,1,https://github.com/gitren,Update README,1,[],https://github.com/glyptodon/guacamole-server/pull/165,https://github.com/gitren,1,https://github.com/glyptodon/guacamole-server/pull/165,add autoreconf,add autoreconf,True,{}
glyptodon/guacamole-server,https://github.com/glyptodon/guacamole-server,165,2019-04-03T07:33:02Z,2019-04-03T07:57:30Z,2019-04-03T07:57:30Z,CLOSED,False,5,0,1,https://github.com/gitren,Update README,1,[],https://github.com/glyptodon/guacamole-server/pull/165,https://github.com/mike-jumper,2,https://github.com/glyptodon/guacamole-server/pull/165#issuecomment-479381357,add autoreconf,"@gitren - the Guacamole project has moved to the ASF, so that is the place to open new pull requests:
https://github.com/apache/guacamole-server
Please first read the contribution guidelines:
https://github.com/apache/guacamole-server/blob/master/CONTRIBUTING",True,{}
glyptodon/guacamole-server,https://github.com/glyptodon/guacamole-server,166,2019-05-02T04:20:54Z,2019-05-02T04:28:12Z,2019-05-02T04:46:25Z,MERGED,True,1,1,1,https://github.com/mike-jumper,GLEN-170: Bump GLEN-specific version suffix to 1.10.,1,[],https://github.com/glyptodon/guacamole-server/pull/166,https://github.com/mike-jumper,1,https://github.com/glyptodon/guacamole-server/pull/166,,,True,{}
glyptodon/guacamole-server,https://github.com/glyptodon/guacamole-server,167,2019-05-03T20:51:22Z,2019-05-08T02:54:30Z,2019-05-08T03:39:04Z,MERGED,True,277,35,24,https://github.com/mike-jumper,GLEN-158: Allow clipboard access to be disabled,1,[],https://github.com/glyptodon/guacamole-server/pull/167,https://github.com/mike-jumper,1,https://github.com/glyptodon/guacamole-server/pull/167,,,True,{}
glyptodon/guacamole-server,https://github.com/glyptodon/guacamole-server,168,2019-05-03T20:53:21Z,2019-05-08T02:56:06Z,2020-03-11T03:37:21Z,MERGED,True,102,8,11,https://github.com/mike-jumper,"GLEN-172: Add support for SSH session keep-alive (""ServerAliveInterval"")",1,[],https://github.com/glyptodon/guacamole-server/pull/168,https://github.com/mike-jumper,1,https://github.com/glyptodon/guacamole-server/pull/168,,,True,{}
glyptodon/guacamole-server,https://github.com/glyptodon/guacamole-server,169,2019-05-03T21:02:09Z,2019-05-08T04:20:12Z,2019-05-08T04:21:41Z,MERGED,True,514,9,12,https://github.com/mike-jumper,GLEN-173: Allow terminal input to be read from an inbound pipe stream,1,[],https://github.com/glyptodon/guacamole-server/pull/169,https://github.com/mike-jumper,1,https://github.com/glyptodon/guacamole-server/pull/169,These changes depend on #168. The merge base will need to be updated to glyptodon/1.x once #168 is merged.,These changes depend on #168. The merge base will need to be updated to glyptodon/1.x once #168 is merged.,True,{}
glyptodon/guacamole-server,https://github.com/glyptodon/guacamole-server,170,2019-05-03T21:06:18Z,2019-05-08T04:24:49Z,2020-03-11T03:36:45Z,MERGED,True,314,22,11,https://github.com/mike-jumper,GLEN-160: Allow scrollback buffer size to be configured,1,[],https://github.com/glyptodon/guacamole-server/pull/170,https://github.com/mike-jumper,1,https://github.com/glyptodon/guacamole-server/pull/170,These changes depend on #169. The merge base will need to be updated to glyptodon/1.x once #169 is merged.,These changes depend on #169. The merge base will need to be updated to glyptodon/1.x once #169 is merged.,True,{}
glyptodon/guacamole-server,https://github.com/glyptodon/guacamole-server,171,2019-05-03T21:09:27Z,2019-05-08T04:30:27Z,2019-05-08T04:42:24Z,MERGED,True,339,87,7,https://github.com/mike-jumper,GLEN-159: Withhold first SSH/telnet frame until connection is verified,1,[],https://github.com/glyptodon/guacamole-server/pull/171,https://github.com/mike-jumper,1,https://github.com/glyptodon/guacamole-server/pull/171,These changes depend on #170. The merge base will need to be updated to glyptodon/1.x once #170 is merged.,These changes depend on #170. The merge base will need to be updated to glyptodon/1.x once #170 is merged.,True,{}
glyptodon/guacamole-server,https://github.com/glyptodon/guacamole-server,172,2019-05-03T21:12:20Z,2019-05-08T04:55:21Z,2019-05-08T04:56:57Z,MERGED,True,33,0,3,https://github.com/mike-jumper,GLEN-161: Allow SSH locale to be explicitly set,1,[],https://github.com/glyptodon/guacamole-server/pull/172,https://github.com/mike-jumper,1,https://github.com/glyptodon/guacamole-server/pull/172,These changes depend on #171. The merge base will need to be updated to glyptodon/1.x once #171 is merged.,These changes depend on #171. The merge base will need to be updated to glyptodon/1.x once #171 is merged.,True,{}
glyptodon/guacamole-server,https://github.com/glyptodon/guacamole-server,173,2019-05-03T21:14:25Z,2019-05-08T04:59:29Z,2020-03-11T03:37:05Z,MERGED,True,73,3,6,https://github.com/mike-jumper,GLEN-162: Add support for timezone redirection,1,[],https://github.com/glyptodon/guacamole-server/pull/173,https://github.com/mike-jumper,1,https://github.com/glyptodon/guacamole-server/pull/173,These changes depend on #172. The merge base will need to be updated to glyptodon/1.x once #172 is merged.,These changes depend on #172. The merge base will need to be updated to glyptodon/1.x once #172 is merged.,True,{}
glyptodon/guacamole-server,https://github.com/glyptodon/guacamole-server,174,2019-05-03T21:16:59Z,2019-05-08T05:05:06Z,2019-05-11T04:05:06Z,MERGED,True,229,30,20,https://github.com/mike-jumper,GLEN-158: Allow clipboard access to be disabled within GLEN 1.x,1,[],https://github.com/glyptodon/guacamole-server/pull/174,https://github.com/mike-jumper,1,https://github.com/glyptodon/guacamole-server/pull/174,"These changes depend on #173. The merge base will need to be updated to glyptodon/1.x once #173 is merged.
NOTE: These changes are also being backported to GLEN 2.x via #167.","These changes depend on #173. The merge base will need to be updated to glyptodon/1.x once #173 is merged.
NOTE: These changes are also being backported to GLEN 2.x via #167.",True,{}
glyptodon/guacamole-server,https://github.com/glyptodon/guacamole-server,175,2019-08-12T17:07:29Z,2019-08-14T02:09:45Z,2019-08-14T02:17:23Z,MERGED,True,2848,757,95,https://github.com/mike-jumper,GLEN-194: Bring GLEN 2.x base up-to-date with upstream staging/1.1.0.,80,[],https://github.com/glyptodon/guacamole-server/pull/175,https://github.com/mike-jumper,1,https://github.com/glyptodon/guacamole-server/pull/175,,,True,{}
glyptodon/guacamole-server,https://github.com/glyptodon/guacamole-server,176,2019-09-26T00:08:26Z,2019-09-26T00:29:46Z,2019-09-26T01:23:55Z,MERGED,True,1,1,1,https://github.com/mike-jumper,GLEN-209: Bump GLEN-specific version suffix to 1.11.,1,[],https://github.com/glyptodon/guacamole-server/pull/176,https://github.com/mike-jumper,1,https://github.com/glyptodon/guacamole-server/pull/176,,,True,{}
glyptodon/guacamole-server,https://github.com/glyptodon/guacamole-server,177,2020-01-30T03:54:28Z,2020-02-09T04:14:23Z,2020-03-11T03:36:16Z,MERGED,True,7042,7032,128,https://github.com/mike-jumper,GLEN-215: Merge guacamole-server of upstream 1.1.0 release to Glyptodon Enterprise 2.x.,133,[],https://github.com/glyptodon/guacamole-server/pull/177,https://github.com/mike-jumper,1,https://github.com/glyptodon/guacamole-server/pull/177,"This change merges the remaining changes to guacamole-server from the Apache Guacamole 1.1.0 release to the Glyptodon Enterprise 2.x branch, which has thus far been tracking upstream staging/1.1.0. The upstream 1.1.0 release and the glyptodon/2.x branches should be identical after this merge, with the exception of changes from upstream master (beyond the 1.1.0 release) which we have already backported.","This change merges the remaining changes to guacamole-server from the Apache Guacamole 1.1.0 release to the Glyptodon Enterprise 2.x branch, which has thus far been tracking upstream staging/1.1.0. The upstream 1.1.0 release and the glyptodon/2.x branches should be identical after this merge, with the exception of changes from upstream master (beyond the 1.1.0 release) which we have already backported.",True,{}
glyptodon/guacamole-server,https://github.com/glyptodon/guacamole-server,178,2020-03-08T23:26:44Z,2020-03-11T02:51:19Z,2020-03-11T02:52:48Z,MERGED,True,124,0,3,https://github.com/mike-jumper,GLEN-219: Backport keymaps from upstream 1.1.0 release to GLEN 1.x.,2,[],https://github.com/glyptodon/guacamole-server/pull/178,https://github.com/mike-jumper,1,https://github.com/glyptodon/guacamole-server/pull/178,,,True,{}
glyptodon/guacamole-server,https://github.com/glyptodon/guacamole-server,179,2020-03-08T23:32:47Z,2020-03-11T02:54:37Z,2020-03-11T03:05:02Z,MERGED,True,75,13,3,https://github.com/mike-jumper,GLEN-224: Backport support for fine-grained control of terminal output redirection.,1,[],https://github.com/glyptodon/guacamole-server/pull/179,https://github.com/mike-jumper,1,https://github.com/glyptodon/guacamole-server/pull/179,,,True,{}
glyptodon/guacamole-server,https://github.com/glyptodon/guacamole-server,180,2020-03-08T23:38:29Z,2020-03-11T02:55:13Z,2020-03-11T03:06:37Z,MERGED,True,5,6,1,https://github.com/mike-jumper,GLEN-230: Backport fix for missing SFTP directory entries to GLEN 2.x.,1,[],https://github.com/glyptodon/guacamole-server/pull/180,https://github.com/mike-jumper,1,https://github.com/glyptodon/guacamole-server/pull/180,,,True,{}
glyptodon/guacamole-server,https://github.com/glyptodon/guacamole-server,181,2020-03-08T23:38:32Z,2020-03-11T02:55:38Z,2020-03-11T03:06:38Z,MERGED,True,5,6,1,https://github.com/mike-jumper,GLEN-230: Backport fix for missing SFTP directory entries to GLEN 1.x.,1,[],https://github.com/glyptodon/guacamole-server/pull/181,https://github.com/mike-jumper,1,https://github.com/glyptodon/guacamole-server/pull/181,,,True,{}
glyptodon/guacamole-server,https://github.com/glyptodon/guacamole-server,182,2020-03-08T23:41:34Z,2020-03-11T02:56:20Z,2020-03-11T03:07:00Z,MERGED,True,1,0,1,https://github.com/mike-jumper,GLEN-226: Map non-dead tilde within German RDP keymap of GLEN 1.x.,1,[],https://github.com/glyptodon/guacamole-server/pull/182,https://github.com/mike-jumper,1,https://github.com/glyptodon/guacamole-server/pull/182,,,True,{}
glyptodon/guacamole-server,https://github.com/glyptodon/guacamole-server,183,2020-03-08T23:41:36Z,2020-03-11T02:56:48Z,2020-03-11T03:07:03Z,MERGED,True,1,0,1,https://github.com/mike-jumper,GLEN-226: Map non-dead tilde within German RDP keymap of GLEN 2.x.,1,[],https://github.com/glyptodon/guacamole-server/pull/183,https://github.com/mike-jumper,1,https://github.com/glyptodon/guacamole-server/pull/183,,,True,{}
glyptodon/guacamole-server,https://github.com/glyptodon/guacamole-server,184,2020-03-08T23:44:47Z,2020-03-11T02:57:34Z,2020-03-11T03:07:15Z,MERGED,True,10,10,1,https://github.com/mike-jumper,GLEN-228: Backport fix for potential race condition in guacd connection cleanup to GLEN 1.x.,1,[],https://github.com/glyptodon/guacamole-server/pull/184,https://github.com/mike-jumper,1,https://github.com/glyptodon/guacamole-server/pull/184,,,True,{}
glyptodon/guacamole-server,https://github.com/glyptodon/guacamole-server,185,2020-03-08T23:44:53Z,2020-03-11T02:58:01Z,2020-03-11T03:07:17Z,MERGED,True,10,10,1,https://github.com/mike-jumper,GLEN-228: Backport fix for potential race condition in guacd connection cleanup to GLEN 2.x.,1,[],https://github.com/glyptodon/guacamole-server/pull/185,https://github.com/mike-jumper,1,https://github.com/glyptodon/guacamole-server/pull/185,,,True,{}
glyptodon/guacamole-server,https://github.com/glyptodon/guacamole-server,186,2020-03-11T02:12:52Z,2020-03-11T02:53:36Z,2020-03-11T03:05:09Z,MERGED,True,1,1,1,https://github.com/mike-jumper,GLEN-236: Bump GLEN-specific version suffix to 1.12.,1,[],https://github.com/glyptodon/guacamole-server/pull/186,https://github.com/mike-jumper,1,https://github.com/glyptodon/guacamole-server/pull/186,,,True,{}
glyptodon/guacamole-server,https://github.com/glyptodon/guacamole-server,187,2020-03-11T03:03:53Z,2020-03-11T03:56:26Z,2020-03-11T03:57:39Z,MERGED,True,230,15,4,https://github.com/mike-jumper,GLEN-218: Backport keymaps from pending upstream 1.2.0 release to GLEN 2.x.,4,[],https://github.com/glyptodon/guacamole-server/pull/187,https://github.com/mike-jumper,1,https://github.com/glyptodon/guacamole-server/pull/187,,,True,{}
glyptodon/guacamole-server,https://github.com/glyptodon/guacamole-server,188,2020-03-11T03:04:02Z,2020-03-11T03:55:46Z,2020-03-11T03:57:33Z,MERGED,True,230,15,4,https://github.com/mike-jumper,GLEN-218: Backport keymaps from pending upstream 1.2.0 release to GLEN 1.x.,4,[],https://github.com/glyptodon/guacamole-server/pull/188,https://github.com/mike-jumper,1,https://github.com/glyptodon/guacamole-server/pull/188,,,True,{}
glyptodon/guacamole-server,https://github.com/glyptodon/guacamole-server,189,2020-03-24T00:18:06Z,2020-03-24T15:17:28Z,2020-03-24T21:16:57Z,MERGED,True,215,24,8,https://github.com/mike-jumper,GLEN-235: Backport fixes for known regressions related to the FreeRDP 2.0.0 migration.,5,[],https://github.com/glyptodon/guacamole-server/pull/189,https://github.com/mike-jumper,1,https://github.com/glyptodon/guacamole-server/pull/189,"This change backports the fixes for all known regressions from the Apache Guacamole 1.1.0 migration to FreeRDP 2.0.0 which have been accepted and merged upstream for the 1.2.0 release.
Except for these specific issues, there have been no other regressions encountered which were not due to FreeRDP 2.0.0-rc0 as packaged by Ubuntu 18.04.","This change backports the fixes for all known regressions from the Apache Guacamole 1.1.0 migration to FreeRDP 2.0.0 which have been accepted and merged upstream for the 1.2.0 release.
Except for these specific issues, there have been no other regressions encountered which were not due to FreeRDP 2.0.0-rc0 as packaged by Ubuntu 18.04.",True,{}
glyptodon/guacamole-server,https://github.com/glyptodon/guacamole-server,190,2020-06-30T00:18:20Z,2020-06-30T00:54:53Z,2020-06-30T23:57:13Z,MERGED,True,334,20,12,https://github.com/mike-jumper,GLEN-249: Backport support for configuring SFTP root directory.,2,[],https://github.com/glyptodon/guacamole-server/pull/190,https://github.com/mike-jumper,1,https://github.com/glyptodon/guacamole-server/pull/190,,,True,{}
glyptodon/guacamole-server,https://github.com/glyptodon/guacamole-server,191,2020-06-30T00:20:09Z,2020-06-30T01:02:49Z,2020-06-30T23:57:00Z,MERGED,True,233,8,13,https://github.com/mike-jumper,GLEN-250: Backport support for verifying SSH host keys.,2,[],https://github.com/glyptodon/guacamole-server/pull/191,https://github.com/mike-jumper,1,https://github.com/glyptodon/guacamole-server/pull/191,,,True,{}
glyptodon/guacamole-server,https://github.com/glyptodon/guacamole-server,191,2020-06-30T00:20:09Z,2020-06-30T01:02:49Z,2020-06-30T23:57:00Z,MERGED,True,233,8,13,https://github.com/mike-jumper,GLEN-250: Backport support for verifying SSH host keys.,2,[],https://github.com/glyptodon/guacamole-server/pull/191,https://github.com/mike-jumper,2,https://github.com/glyptodon/guacamole-server/pull/191#issuecomment-651438472,,Opening as a draft as the proximity of the new parameter makes this dependent on #190.,True,{}
glyptodon/guacamole-server,https://github.com/glyptodon/guacamole-server,192,2020-06-30T00:36:00Z,2020-06-30T02:18:04Z,2020-06-30T23:56:20Z,MERGED,True,7661,6945,120,https://github.com/mike-jumper,GLEN-216: Backport migration to FreeRDP 2.0.0.,7,[],https://github.com/glyptodon/guacamole-server/pull/192,https://github.com/mike-jumper,1,https://github.com/glyptodon/guacamole-server/pull/192,"This backporting effort is significantly more complex than others due to the size of the changes involved and the way those changes have been built on the various other changes made since 0.9.12-incubating.
To manage to backport things successfully, this set of changes takes the following approach:

Backport features that would both be beneficial and would reduce the amount of manual changes required to make the FreeRDP 2.0.0 changes compatible:

Support for configuring the SFTP root directory (#190)
Support for configuring SSH host key checking (#191)


Backport known dependencies through the usual ""cherry-pick"" method:

Migration to the new unit test tooling (#193)
Additional string utility functions within libguac (#194).


Copy over the RDP support from the glyptodon/2.x branch verbatim.
Make as minimal changes as possible to bring that support back into compatibility with glyptodon/1.x:

Use the common session recording API that was part of 0.9.12 guacamole-server (no recording of input events)
Remove trace-level logging (not part of 0.9.12 libguac)
Remove use of Guacamole protocol error codes that were not part of the 0.9.12 version of the protocol
Correct calls to the common SSH utility functions.
Remove reliance on the user timezone handshake (not part of the Guacamole protocol until way after 0.9.12)
Remove any settings not already part of glyptodon/1.x, #190, or #191.



With these changes made, glyptodon/1.x builds against FreeRDP 2.0.0 just as glyptodon/2.x but remains completely compatible.","This backporting effort is significantly more complex than others due to the size of the changes involved and the way those changes have been built on the various other changes made since 0.9.12-incubating.
To manage to backport things successfully, this set of changes takes the following approach:

Backport features that would both be beneficial and would reduce the amount of manual changes required to make the FreeRDP 2.0.0 changes compatible:

Support for configuring the SFTP root directory (#190)
Support for configuring SSH host key checking (#191)


Backport known dependencies through the usual ""cherry-pick"" method:

Migration to the new unit test tooling (#193)
Additional string utility functions within libguac (#194).


Copy over the RDP support from the glyptodon/2.x branch verbatim.
Make as minimal changes as possible to bring that support back into compatibility with glyptodon/1.x:

Use the common session recording API that was part of 0.9.12 guacamole-server (no recording of input events)
Remove trace-level logging (not part of 0.9.12 libguac)
Remove use of Guacamole protocol error codes that were not part of the 0.9.12 version of the protocol
Correct calls to the common SSH utility functions.
Remove reliance on the user timezone handshake (not part of the Guacamole protocol until way after 0.9.12)
Remove any settings not already part of glyptodon/1.x, #190, or #191.



With these changes made, glyptodon/1.x builds against FreeRDP 2.0.0 just as glyptodon/2.x but remains completely compatible.",True,{}
glyptodon/guacamole-server,https://github.com/glyptodon/guacamole-server,192,2020-06-30T00:36:00Z,2020-06-30T02:18:04Z,2020-06-30T23:56:20Z,MERGED,True,7661,6945,120,https://github.com/mike-jumper,GLEN-216: Backport migration to FreeRDP 2.0.0.,7,[],https://github.com/glyptodon/guacamole-server/pull/192,https://github.com/mike-jumper,2,https://github.com/glyptodon/guacamole-server/pull/192#issuecomment-651468495,"This backporting effort is significantly more complex than others due to the size of the changes involved and the way those changes have been built on the various other changes made since 0.9.12-incubating.
To manage to backport things successfully, this set of changes takes the following approach:

Backport features that would both be beneficial and would reduce the amount of manual changes required to make the FreeRDP 2.0.0 changes compatible:

Support for configuring the SFTP root directory (#190)
Support for configuring SSH host key checking (#191)


Backport known dependencies through the usual ""cherry-pick"" method:

Migration to the new unit test tooling (#193)
Additional string utility functions within libguac (#194).


Copy over the RDP support from the glyptodon/2.x branch verbatim.
Make as minimal changes as possible to bring that support back into compatibility with glyptodon/1.x:

Use the common session recording API that was part of 0.9.12 guacamole-server (no recording of input events)
Remove trace-level logging (not part of 0.9.12 libguac)
Remove use of Guacamole protocol error codes that were not part of the 0.9.12 version of the protocol
Correct calls to the common SSH utility functions.
Remove reliance on the user timezone handshake (not part of the Guacamole protocol until way after 0.9.12)
Remove any settings not already part of glyptodon/1.x, #190, or #191.



With these changes made, glyptodon/1.x builds against FreeRDP 2.0.0 just as glyptodon/2.x but remains completely compatible.",So ... effectively only 716 lines! Tiny diff!,True,{}
glyptodon/guacamole-server,https://github.com/glyptodon/guacamole-server,192,2020-06-30T00:36:00Z,2020-06-30T02:18:04Z,2020-06-30T23:56:20Z,MERGED,True,7661,6945,120,https://github.com/mike-jumper,GLEN-216: Backport migration to FreeRDP 2.0.0.,7,[],https://github.com/glyptodon/guacamole-server/pull/192,https://github.com/jmuehlner,3,https://github.com/glyptodon/guacamole-server/pull/192#issuecomment-651470074,"This backporting effort is significantly more complex than others due to the size of the changes involved and the way those changes have been built on the various other changes made since 0.9.12-incubating.
To manage to backport things successfully, this set of changes takes the following approach:

Backport features that would both be beneficial and would reduce the amount of manual changes required to make the FreeRDP 2.0.0 changes compatible:

Support for configuring the SFTP root directory (#190)
Support for configuring SSH host key checking (#191)


Backport known dependencies through the usual ""cherry-pick"" method:

Migration to the new unit test tooling (#193)
Additional string utility functions within libguac (#194).


Copy over the RDP support from the glyptodon/2.x branch verbatim.
Make as minimal changes as possible to bring that support back into compatibility with glyptodon/1.x:

Use the common session recording API that was part of 0.9.12 guacamole-server (no recording of input events)
Remove trace-level logging (not part of 0.9.12 libguac)
Remove use of Guacamole protocol error codes that were not part of the 0.9.12 version of the protocol
Correct calls to the common SSH utility functions.
Remove reliance on the user timezone handshake (not part of the Guacamole protocol until way after 0.9.12)
Remove any settings not already part of glyptodon/1.x, #190, or #191.



With these changes made, glyptodon/1.x builds against FreeRDP 2.0.0 just as glyptodon/2.x but remains completely compatible.",,True,{'ROCKET': ['https://github.com/mike-jumper']}
glyptodon/guacamole-server,https://github.com/glyptodon/guacamole-server,193,2020-06-30T01:06:21Z,2020-06-30T01:25:27Z,2020-06-30T01:26:22Z,MERGED,True,1765,1252,41,https://github.com/mike-jumper,GLEN-216: Backport new unit test tooling.,2,[],https://github.com/glyptodon/guacamole-server/pull/193,https://github.com/mike-jumper,1,https://github.com/glyptodon/guacamole-server/pull/193,"A dependency of the FreeRDP 2.0.0 support, this change brings the recent improvements to guacamole-server's unit testing to the glyptodon/1.x branch.","A dependency of the FreeRDP 2.0.0 support, this change brings the recent improvements to guacamole-server's unit testing to the glyptodon/1.x branch.",True,{}
glyptodon/guacamole-server,https://github.com/glyptodon/guacamole-server,194,2020-06-30T01:09:54Z,2020-06-30T01:39:42Z,2020-06-30T23:56:29Z,MERGED,True,1636,494,63,https://github.com/mike-jumper,GLEN-216: Backport new string utility functions from newer libguac.,3,[],https://github.com/glyptodon/guacamole-server/pull/194,https://github.com/mike-jumper,1,https://github.com/glyptodon/guacamole-server/pull/194,"Another dependency of the FreeRDP 2.0.0 support, this change backports the new string utility functions provided by newer versions of libguac.
As the new functions are not present in the 0.9.12 version of libguac, and this might result in downstream usage of the library being incompatible with the intended base version, this change also guards those functions behind a GLEN_SOURCE macro. The GLEN_SOURCE macro must be explicitly defined if these functions are to be available.","Another dependency of the FreeRDP 2.0.0 support, this change backports the new string utility functions provided by newer versions of libguac.
As the new functions are not present in the 0.9.12 version of libguac, and this might result in downstream usage of the library being incompatible with the intended base version, this change also guards those functions behind a GLEN_SOURCE macro. The GLEN_SOURCE macro must be explicitly defined if these functions are to be available.",True,{}
glyptodon/guacamole-server,https://github.com/glyptodon/guacamole-server,195,2020-06-30T23:25:47Z,2020-07-01T00:41:12Z,2020-07-01T06:28:05Z,MERGED,True,47,6,1,https://github.com/mike-jumper,GLEN-251: Correct regressions in RemoteApp support for GLEN 2.x related to the FreeRDP 2.0.0 migration.,1,[],https://github.com/glyptodon/guacamole-server/pull/195,https://github.com/mike-jumper,1,https://github.com/glyptodon/guacamole-server/pull/195,,,True,{}
glyptodon/guacamole-server,https://github.com/glyptodon/guacamole-server,196,2020-06-30T23:25:50Z,2020-07-01T00:41:44Z,2020-07-01T06:28:14Z,MERGED,True,47,6,1,https://github.com/mike-jumper,GLEN-251: Correct regressions in RemoteApp support for GLEN 1.x related to the FreeRDP 2.0.0 migration.,1,[],https://github.com/glyptodon/guacamole-server/pull/196,https://github.com/mike-jumper,1,https://github.com/glyptodon/guacamole-server/pull/196,,,True,{}
glyptodon/guacamole-server,https://github.com/glyptodon/guacamole-server,197,2020-06-30T23:28:59Z,2020-07-01T00:43:58Z,2020-07-01T06:28:22Z,MERGED,True,332,12,10,https://github.com/mike-jumper,GLEN-251: Correct regressions in GLEN 2.x RDP protocol violation tolerance related to the FreeRDP 2.0.0 migration.,3,[],https://github.com/glyptodon/guacamole-server/pull/197,https://github.com/mike-jumper,1,https://github.com/glyptodon/guacamole-server/pull/197,,,True,{}
glyptodon/guacamole-server,https://github.com/glyptodon/guacamole-server,198,2020-06-30T23:29:03Z,2020-07-01T00:44:57Z,2020-07-01T06:28:31Z,MERGED,True,332,12,10,https://github.com/mike-jumper,GLEN-251: Correct regressions in GLEN 1.x RDP protocol violation tolerance related to the FreeRDP 2.0.0 migration.,3,[],https://github.com/glyptodon/guacamole-server/pull/198,https://github.com/mike-jumper,1,https://github.com/glyptodon/guacamole-server/pull/198,,,True,{}
glyptodon/guacamole-server,https://github.com/glyptodon/guacamole-server,199,2020-06-30T23:33:31Z,2020-07-01T00:47:02Z,2020-07-01T06:28:48Z,MERGED,True,1014,491,25,https://github.com/mike-jumper,GLEN-252: Backport improvements to RDP keyboard behavior from upstream 1.2.0 to GLEN 2.x.,3,[],https://github.com/glyptodon/guacamole-server/pull/199,https://github.com/mike-jumper,1,https://github.com/glyptodon/guacamole-server/pull/199,,,True,{}
glyptodon/guacamole-server,https://github.com/glyptodon/guacamole-server,200,2020-06-30T23:33:37Z,2020-07-01T00:46:30Z,2020-07-01T06:28:40Z,MERGED,True,1014,491,25,https://github.com/mike-jumper,GLEN-252: Backport improvements to RDP keyboard behavior from upstream 1.2.0 to GLEN 1.x.,3,[],https://github.com/glyptodon/guacamole-server/pull/200,https://github.com/mike-jumper,1,https://github.com/glyptodon/guacamole-server/pull/200,,,True,{}
glyptodon/guacamole-server,https://github.com/glyptodon/guacamole-server,201,2020-07-01T04:39:18Z,2020-07-01T04:56:03Z,2020-07-01T04:56:07Z,CLOSED,False,0,3,1,https://github.com/mike-jumper,GLEN-252: Remove reference to non-existent lock.,1,[],https://github.com/glyptodon/guacamole-server/pull/201,https://github.com/mike-jumper,1,https://github.com/glyptodon/guacamole-server/pull/201,Whoops.,Whoops.,True,{}
glyptodon/guacamole-server,https://github.com/glyptodon/guacamole-server,201,2020-07-01T04:39:18Z,2020-07-01T04:56:03Z,2020-07-01T04:56:07Z,CLOSED,False,0,3,1,https://github.com/mike-jumper,GLEN-252: Remove reference to non-existent lock.,1,[],https://github.com/glyptodon/guacamole-server/pull/201,https://github.com/mike-jumper,2,https://github.com/glyptodon/guacamole-server/pull/201#issuecomment-652189959,Whoops.,Will instead backport the lock.,True,{}
glyptodon/guacamole-server,https://github.com/glyptodon/guacamole-server,202,2020-07-01T05:23:10Z,2020-07-01T05:30:30Z,2020-07-01T05:31:21Z,MERGED,True,46,5,4,https://github.com/mike-jumper,GLEN-251: Backport addition of proper locking around RDP structures to GLEN 1.x.,1,[],https://github.com/glyptodon/guacamole-server/pull/202,https://github.com/mike-jumper,1,https://github.com/glyptodon/guacamole-server/pull/202,,,True,{}
glyptodon/guacamole-server,https://github.com/glyptodon/guacamole-server,203,2020-07-01T05:23:55Z,2020-07-01T05:31:08Z,2020-07-01T05:31:25Z,MERGED,True,46,5,4,https://github.com/mike-jumper,GLEN-251: Backport addition of proper locking around RDP structures to GLEN 2.x.,1,[],https://github.com/glyptodon/guacamole-server/pull/203,https://github.com/mike-jumper,1,https://github.com/glyptodon/guacamole-server/pull/203,,,True,{}
glyptodon/guacamole-server,https://github.com/glyptodon/guacamole-server,204,2020-07-01T06:13:47Z,2020-07-01T22:44:04Z,2020-07-01T22:44:04Z,MERGED,True,1,1,1,https://github.com/mike-jumper,GLEN-253: Bump GLEN-specific version suffix to 1.13.,1,[],https://github.com/glyptodon/guacamole-server/pull/204,https://github.com/mike-jumper,1,https://github.com/glyptodon/guacamole-server/pull/204,,,True,{}
glyptodon/guacamole-server,https://github.com/glyptodon/guacamole-server,205,2020-07-01T06:14:00Z,2020-07-01T22:44:39Z,2020-07-01T22:44:39Z,MERGED,True,1,1,1,https://github.com/mike-jumper,GLEN-254: Bump GLEN-specific version suffix to 2.1.,1,[],https://github.com/glyptodon/guacamole-server/pull/205,https://github.com/mike-jumper,1,https://github.com/glyptodon/guacamole-server/pull/205,,,True,{}
glyptodon/guacamole-server,https://github.com/glyptodon/guacamole-server,206,2020-12-03T06:47:50Z,2020-12-04T05:57:28Z,2020-12-04T05:57:28Z,MERGED,True,3561,762,92,https://github.com/mike-jumper,GLEN-259: Bring 2.x source tree for guacamole-server up-to-date with current upstream staging/1.3.0.,276,[],https://github.com/glyptodon/guacamole-server/pull/206,https://github.com/mike-jumper,1,https://github.com/glyptodon/guacamole-server/pull/206,"These changes merge absolutely everything from the current upstream staging/1.3.0 branch, bringing the guacamole-server portion of the GLEN 2.x source tree up-to-date with the latest changes pending upstream release.
Naturally, this changeset is huge. I've intentionally kept things isolated to a single merge commit which establishes what exactly has been merged (upstream commit 7fcddef). Comparing the source tree against that commit, the only differences should be version number suffixes.","These changes merge absolutely everything from the current upstream staging/1.3.0 branch, bringing the guacamole-server portion of the GLEN 2.x source tree up-to-date with the latest changes pending upstream release.
Naturally, this changeset is huge. I've intentionally kept things isolated to a single merge commit which establishes what exactly has been merged (upstream commit 7fcddef). Comparing the source tree against that commit, the only differences should be version number suffixes.",True,{}
glyptodon/guacamole-server,https://github.com/glyptodon/guacamole-server,207,2020-12-04T21:10:12Z,2021-01-01T00:46:43Z,2021-01-01T01:19:55Z,MERGED,True,34,0,4,https://github.com/mike-jumper,GLEN-259: Backport fix for VNC build on EL6.,1,[],https://github.com/glyptodon/guacamole-server/pull/207,https://github.com/mike-jumper,1,https://github.com/glyptodon/guacamole-server/pull/207,"The version of libvncclient packaged by CentOS / RHEL 6 lacks the GetCredential callback. The guacamole-server source leverages this callback for the VNC support since GUACAMOLE-514 (part of Apache Guacamole 1.2.0), resulting in a build failure. With the upcoming GLEN 2.2 release intended to be based off upcoming Apache Guacamole 1.3.0, our builds for the EL6 platform are also currently failing.
This change backports the build fix introduced by GUACAMOLE-1227, making the relevant code conditional and correcting the build.","The version of libvncclient packaged by CentOS / RHEL 6 lacks the GetCredential callback. The guacamole-server source leverages this callback for the VNC support since GUACAMOLE-514 (part of Apache Guacamole 1.2.0), resulting in a build failure. With the upcoming GLEN 2.2 release intended to be based off upcoming Apache Guacamole 1.3.0, our builds for the EL6 platform are also currently failing.
This change backports the build fix introduced by GUACAMOLE-1227, making the relevant code conditional and correcting the build.",True,{}
glyptodon/guacamole-server,https://github.com/glyptodon/guacamole-server,208,2020-12-31T04:51:37Z,2020-12-31T05:16:58Z,2020-12-31T05:16:58Z,MERGED,True,71,21,4,https://github.com/mike-jumper,GLEN-259: Merge changes from first RC for 1.3.0.,8,[],https://github.com/glyptodon/guacamole-server/pull/208,https://github.com/mike-jumper,1,https://github.com/glyptodon/guacamole-server/pull/208,"As with #206 (from prior to the first RC), this change beings the Glyptodon source tree up-to-date with all changes for the pending upstream 1.3.0 release. Except for version numbers, the code here should be identical to 1.3.0-RC1, and should ultimately be identical to the 1.3.0 release unless there is an RC2.","As with #206 (from prior to the first RC), this change beings the Glyptodon source tree up-to-date with all changes for the pending upstream 1.3.0 release. Except for version numbers, the code here should be identical to 1.3.0-RC1, and should ultimately be identical to the 1.3.0 release unless there is an RC2.",True,{}
glyptodon/guacamole-server,https://github.com/glyptodon/guacamole-server,209,2021-01-07T20:04:20Z,2021-01-15T03:00:26Z,2021-01-15T23:05:06Z,MERGED,True,165,26,4,https://github.com/mike-jumper,GLEN-261: Backport support for libuuid to GLEN 2.x.,1,[],https://github.com/glyptodon/guacamole-server/pull/209,https://github.com/mike-jumper,1,https://github.com/glyptodon/guacamole-server/pull/209,"RHEL 6 does not include a uuid-devel package (the OSSP UUID library). It does provide a libuuid-devel package (the library from util-linux). For our builds to leverage RHEL rather than CentOS (see comment on GLEN-261), the recent upstream support for libuuid needs to be backported.","RHEL 6 does not include a uuid-devel package (the OSSP UUID library). It does provide a libuuid-devel package (the library from util-linux). For our builds to leverage RHEL rather than CentOS (see comment on GLEN-261), the recent upstream support for libuuid needs to be backported.",True,{}
glyptodon/guacamole-server,https://github.com/glyptodon/guacamole-server,210,2021-01-07T20:06:06Z,2021-01-15T02:58:19Z,2021-01-15T23:05:14Z,MERGED,True,165,26,4,https://github.com/mike-jumper,GLEN-261: Backport support for libuuid to GLEN 1.x.,1,[],https://github.com/glyptodon/guacamole-server/pull/210,https://github.com/mike-jumper,1,https://github.com/glyptodon/guacamole-server/pull/210,"RHEL 6 does not include a uuid-devel package (the OSSP UUID library). It does provide a libuuid-devel package (the library from util-linux). For our builds to leverage RHEL rather than CentOS (see comment on GLEN-261), the recent upstream support for libuuid needs to be backported.","RHEL 6 does not include a uuid-devel package (the OSSP UUID library). It does provide a libuuid-devel package (the library from util-linux). For our builds to leverage RHEL rather than CentOS (see comment on GLEN-261), the recent upstream support for libuuid needs to be backported.",True,{}
glyptodon/guacamole-server,https://github.com/glyptodon/guacamole-server,211,2021-01-13T21:35:45Z,2021-01-13T22:57:39Z,2021-01-15T23:06:24Z,MERGED,True,6,0,1,https://github.com/mike-jumper,GLEN-265: Correct handling of RDP SFTP upload directory.,1,[],https://github.com/glyptodon/guacamole-server/pull/211,https://github.com/mike-jumper,1,https://github.com/glyptodon/guacamole-server/pull/211,,,True,{}
glyptodon/guacamole-server,https://github.com/glyptodon/guacamole-server,212,2021-01-13T21:36:51Z,2021-01-15T02:55:00Z,2021-01-15T23:05:21Z,MERGED,True,12,0,1,https://github.com/mike-jumper," GLEN-264: Correct handling of RDP ""disable-copy"" flag.",1,[],https://github.com/glyptodon/guacamole-server/pull/212,https://github.com/mike-jumper,1,https://github.com/glyptodon/guacamole-server/pull/212,,,True,{}
glyptodon/guacamole-server,https://github.com/glyptodon/guacamole-server,213,2021-01-13T21:49:50Z,2021-01-13T22:35:04Z,2021-01-13T22:35:05Z,CLOSED,False,20,0,2,https://github.com/mike-jumper,GLEN-266: Allow misbehaving RDP servers to use OpaqueRect and PatBlt.,1,[],https://github.com/glyptodon/guacamole-server/pull/213,https://github.com/mike-jumper,1,https://github.com/glyptodon/guacamole-server/pull/213,,,True,{}
glyptodon/guacamole-server,https://github.com/glyptodon/guacamole-server,213,2021-01-13T21:49:50Z,2021-01-13T22:35:04Z,2021-01-13T22:35:05Z,CLOSED,False,20,0,2,https://github.com/mike-jumper,GLEN-266: Allow misbehaving RDP servers to use OpaqueRect and PatBlt.,1,[],https://github.com/glyptodon/guacamole-server/pull/213,https://github.com/mike-jumper,2,https://github.com/glyptodon/guacamole-server/pull/213#issuecomment-759781584,,This is already resolved and merged on 1.x.,True,{}
glyptodon/guacamole-server,https://github.com/glyptodon/guacamole-server,214,2021-01-14T01:30:34Z,2021-01-14T03:01:42Z,2021-01-15T23:06:17Z,MERGED,True,4,4,2,https://github.com/mike-jumper,GLEN-267: Use 64-bit offsets for RDPDR file I/O.,1,[],https://github.com/glyptodon/guacamole-server/pull/214,https://github.com/mike-jumper,1,https://github.com/glyptodon/guacamole-server/pull/214,,,True,{}
glyptodon/guacamole-server,https://github.com/glyptodon/guacamole-server,215,2021-01-14T01:34:52Z,2021-01-14T03:02:26Z,2021-01-15T23:06:10Z,MERGED,True,1,1,1,https://github.com/mike-jumper,GLEN-268: Correct RDPDR file timestamp conversion calculation.,1,[],https://github.com/glyptodon/guacamole-server/pull/215,https://github.com/mike-jumper,1,https://github.com/glyptodon/guacamole-server/pull/215,,,True,{}
glyptodon/guacamole-server,https://github.com/glyptodon/guacamole-server,216,2021-01-14T01:50:17Z,2021-01-14T03:18:25Z,2021-01-15T23:05:41Z,MERGED,True,79,10,4,https://github.com/mike-jumper,GLEN-261: Correct handling of outbound wStream memory.,4,[],https://github.com/glyptodon/guacamole-server/pull/216,https://github.com/mike-jumper,1,https://github.com/glyptodon/guacamole-server/pull/216,,,True,{}
glyptodon/guacamole-server,https://github.com/glyptodon/guacamole-server,217,2021-01-14T01:57:05Z,2021-01-14T03:06:50Z,2021-01-15T23:06:03Z,MERGED,True,9,4,1,https://github.com/mike-jumper,GLEN-261: Always disable RDP glyph caching within GLEN 1.x.,1,[],https://github.com/glyptodon/guacamole-server/pull/217,https://github.com/mike-jumper,1,https://github.com/glyptodon/guacamole-server/pull/217,,,True,{}
glyptodon/guacamole-server,https://github.com/glyptodon/guacamole-server,218,2021-01-14T01:57:33Z,2021-01-14T03:08:08Z,2021-01-15T23:05:55Z,MERGED,True,18,3,1,https://github.com/mike-jumper,GLEN-261: Always disable RDP glyph caching within GLEN 2.x.,1,[],https://github.com/glyptodon/guacamole-server/pull/218,https://github.com/mike-jumper,1,https://github.com/glyptodon/guacamole-server/pull/218,,,True,{}
glyptodon/guacamole-server,https://github.com/glyptodon/guacamole-server,219,2021-01-14T02:01:43Z,2021-01-14T03:09:45Z,2021-01-15T23:05:48Z,MERGED,True,1,0,1,https://github.com/mike-jumper,GLEN-261: Ensure macros defining FreeRDP memory behavior are present in SVC handling.,1,[],https://github.com/glyptodon/guacamole-server/pull/219,https://github.com/mike-jumper,1,https://github.com/glyptodon/guacamole-server/pull/219,,,True,{}
glyptodon/guacamole-server,https://github.com/glyptodon/guacamole-server,220,2021-01-15T03:32:51Z,2021-01-15T03:49:49Z,2021-01-15T03:56:11Z,MERGED,True,1,1,1,https://github.com/mike-jumper,GLEN-269: Bump GLEN version suffix to 1.14.,1,[],https://github.com/glyptodon/guacamole-server/pull/220,https://github.com/mike-jumper,1,https://github.com/glyptodon/guacamole-server/pull/220,,,True,{}
glyptodon/guacamole-server,https://github.com/glyptodon/guacamole-server,221,2021-01-15T19:58:57Z,2021-01-16T02:24:50Z,2021-01-16T02:46:50Z,MERGED,True,20,5,1,https://github.com/mike-jumper,GLEN-274: Ensure memory is not double-freed upon VNC disconnect in GLEN 1.x.,1,[],https://github.com/glyptodon/guacamole-server/pull/221,https://github.com/mike-jumper,1,https://github.com/glyptodon/guacamole-server/pull/221,,,True,{}
glyptodon/guacamole-server,https://github.com/glyptodon/guacamole-server,222,2021-01-15T19:59:09Z,2021-01-16T02:24:25Z,2021-01-16T02:46:40Z,MERGED,True,20,5,1,https://github.com/mike-jumper,GLEN-274: Ensure memory is not double-freed upon VNC disconnect in GLEN 2.x.,1,[],https://github.com/glyptodon/guacamole-server/pull/222,https://github.com/mike-jumper,1,https://github.com/glyptodon/guacamole-server/pull/222,,,True,{}
glyptodon/guacamole-server,https://github.com/glyptodon/guacamole-server,223,2021-01-24T03:10:12Z,2021-02-12T05:09:57Z,2021-02-12T05:29:15Z,MERGED,True,313,24,11,https://github.com/mike-jumper,GLEN-182: Backport support for OpenSSL 1.1.,1,[],https://github.com/glyptodon/guacamole-server/pull/223,https://github.com/mike-jumper,1,https://github.com/glyptodon/guacamole-server/pull/223,"While the Glyptodon Enterprise 2.x build works fine against RHEL 8, the Glyptodon Enterprise 1.x build fails due to the use of the older OpenSSL API.","While the Glyptodon Enterprise 2.x build works fine against RHEL 8, the Glyptodon Enterprise 1.x build fails due to the use of the older OpenSSL API.",True,{}
glyptodon/guacamole-server,https://github.com/glyptodon/guacamole-server,224,2021-02-12T05:09:47Z,2021-02-12T05:11:07Z,2021-02-12T05:11:07Z,MERGED,True,763,2,26,https://github.com/mike-jumper,GLEN-276: Backport server-side support for multi-touch.,1,[],https://github.com/glyptodon/guacamole-server/pull/224,https://github.com/mike-jumper,1,https://github.com/glyptodon/guacamole-server/pull/224,,,True,{}
glyptodon/guacamole-server,https://github.com/glyptodon/guacamole-server,225,2021-02-13T18:42:11Z,2021-03-04T03:14:17Z,2021-03-04T03:14:18Z,MERGED,True,7,2,1,https://github.com/mike-jumper,GLEN-182: Correct GCC 7 sprintf() warning resulting in GLEN 1.x build failure on RHEL 8.,1,[],https://github.com/glyptodon/guacamole-server/pull/225,https://github.com/mike-jumper,1,https://github.com/glyptodon/guacamole-server/pull/225,"A warning regarding sprintf() specific to GCC 7 was corrected upstream via GUACAMOLE-500 for 1.0.0 and later. As the base version of Guacamole packaged by Glyptodon Enterprise 1.x is earlier than this (0.9.12-incubating), the build fails with a warning on RHEL 8.","A warning regarding sprintf() specific to GCC 7 was corrected upstream via GUACAMOLE-500 for 1.0.0 and later. As the base version of Guacamole packaged by Glyptodon Enterprise 1.x is earlier than this (0.9.12-incubating), the build fails with a warning on RHEL 8.",True,{}
glyptodon/guacamole-server,https://github.com/glyptodon/guacamole-server,226,2021-03-04T03:37:40Z,2021-03-04T03:39:51Z,2021-03-04T03:39:51Z,MERGED,True,148,1,11,https://github.com/mike-jumper,GLEN-277: Backport support for forcing lossless compression.,1,[],https://github.com/glyptodon/guacamole-server/pull/226,https://github.com/mike-jumper,1,https://github.com/glyptodon/guacamole-server/pull/226,,,True,{}
glyptodon/guacamole-server,https://github.com/glyptodon/guacamole-server,227,2021-03-18T22:26:41Z,2021-03-19T02:14:12Z,2021-03-19T02:14:12Z,MERGED,True,2,2,2,https://github.com/mike-jumper,GLEN-294: Bump GLEN version suffix to 2.4.,1,[],https://github.com/glyptodon/guacamole-server/pull/227,https://github.com/mike-jumper,1,https://github.com/glyptodon/guacamole-server/pull/227,,,True,{}
glyptodon/guacamole-server,https://github.com/glyptodon/guacamole-server,228,2021-03-18T22:28:37Z,2021-03-19T02:12:25Z,2021-03-19T02:12:25Z,MERGED,True,1,1,1,https://github.com/mike-jumper,GLEN-293: Bump GLEN version suffix to 1.15.,1,[],https://github.com/glyptodon/guacamole-server/pull/228,https://github.com/mike-jumper,1,https://github.com/glyptodon/guacamole-server/pull/228,,,True,{}
glyptodon/guacamole-server,https://github.com/glyptodon/guacamole-server,229,2021-06-16T00:46:10Z,2021-06-16T02:39:54Z,2021-06-16T04:53:16Z,MERGED,True,563,101,15,https://github.com/mike-jumper,GLEN-242: Automatically throttle RDP audio input transmission rate.,2,[],https://github.com/glyptodon/guacamole-server/pull/229,https://github.com/mike-jumper,1,https://github.com/glyptodon/guacamole-server/pull/229,"The RDP specification for the AUDIO_INPUT channel requires that all audio be sent in packets of a specific size. Guacamole does correctly limit itself to sending packets of this size to the RDP server, but will send quite a few of these packets all at once if it has received more audio data than the RDP packet size. This is OK in principle (the Guacamole client should be able to send audio in packets of whatever size it chooses), but may overwhelm the software running within the RDP server if the amount of data received exceeds the available buffer space, resulting in dropped samples.
As there is no way to know the size of the remote audio buffer, we need to instead ensure that audio is streamed as close to real time as possible, with each audio packet of N bytes not being sent until roughly the amount of time represented by those N bytes has elapsed since the last packet. This throttling ensures that software expecting to process audio in real time should never run out of buffer space.","The RDP specification for the AUDIO_INPUT channel requires that all audio be sent in packets of a specific size. Guacamole does correctly limit itself to sending packets of this size to the RDP server, but will send quite a few of these packets all at once if it has received more audio data than the RDP packet size. This is OK in principle (the Guacamole client should be able to send audio in packets of whatever size it chooses), but may overwhelm the software running within the RDP server if the amount of data received exceeds the available buffer space, resulting in dropped samples.
As there is no way to know the size of the remote audio buffer, we need to instead ensure that audio is streamed as close to real time as possible, with each audio packet of N bytes not being sent until roughly the amount of time represented by those N bytes has elapsed since the last packet. This throttling ensures that software expecting to process audio in real time should never run out of buffer space.",True,{}
glyptodon/guacamole-server,https://github.com/glyptodon/guacamole-server,246,2021-07-28T21:26:01Z,2021-07-29T17:40:54Z,2021-07-29T17:40:54Z,MERGED,True,2,0,1,https://github.com/mike-jumper,"GLEN-307: Add proper definition of ""Meta"" key for RDP.",1,[],https://github.com/glyptodon/guacamole-server/pull/246,https://github.com/mike-jumper,1,https://github.com/glyptodon/guacamole-server/pull/246,,,True,{}
glyptodon/guacamole-server,https://github.com/glyptodon/guacamole-server,247,2021-07-30T00:39:37Z,2021-08-01T05:29:03Z,2021-08-01T05:29:04Z,CLOSED,False,137,12,4,https://github.com/mike-jumper,GLEN-171: Correct management of resources allocated during (re)connect.,1,[],https://github.com/glyptodon/guacamole-server/pull/247,https://github.com/mike-jumper,1,https://github.com/glyptodon/guacamole-server/pull/247,"Compared to all other supported protocols, the ""Reconnect"" resize method of Guacamole's RDP support uniquely requires that the underlying RDP connection be torn down and reinstated, and thus requires that associated resources are properly freed and reallocated when associated only with that session.
Current handling of those resources is incorrect:

Pointers to channel resources from the previous RDP connection remain, resulting in assertion failures and disconnects if the features provided by those channels happen to be used before the new instances of those channels are connected.
Session recordings are allocated within each RDP connection, rather than the single logical Guacamole connection managing those RDP connections. This results in new recordings being created for each reconnect, rather than a single continuous recording representing the overall connection.

These changes correct the above.","Compared to all other supported protocols, the ""Reconnect"" resize method of Guacamole's RDP support uniquely requires that the underlying RDP connection be torn down and reinstated, and thus requires that associated resources are properly freed and reallocated when associated only with that session.
Current handling of those resources is incorrect:

Pointers to channel resources from the previous RDP connection remain, resulting in assertion failures and disconnects if the features provided by those channels happen to be used before the new instances of those channels are connected.
Session recordings are allocated within each RDP connection, rather than the single logical Guacamole connection managing those RDP connections. This results in new recordings being created for each reconnect, rather than a single continuous recording representing the overall connection.

These changes correct the above.",True,{}
glyptodon/guacamole-server,https://github.com/glyptodon/guacamole-server,247,2021-07-30T00:39:37Z,2021-08-01T05:29:03Z,2021-08-01T05:29:04Z,CLOSED,False,137,12,4,https://github.com/mike-jumper,GLEN-171: Correct management of resources allocated during (re)connect.,1,[],https://github.com/glyptodon/guacamole-server/pull/247,https://github.com/mike-jumper,2,https://github.com/glyptodon/guacamole-server/pull/247#issuecomment-890453880,"Compared to all other supported protocols, the ""Reconnect"" resize method of Guacamole's RDP support uniquely requires that the underlying RDP connection be torn down and reinstated, and thus requires that associated resources are properly freed and reallocated when associated only with that session.
Current handling of those resources is incorrect:

Pointers to channel resources from the previous RDP connection remain, resulting in assertion failures and disconnects if the features provided by those channels happen to be used before the new instances of those channels are connected.
Session recordings are allocated within each RDP connection, rather than the single logical Guacamole connection managing those RDP connections. This results in new recordings being created for each reconnect, rather than a single continuous recording representing the overall connection.

These changes correct the above.",Closing in favor of patch-based maintenance (see glyptodon/glyptodon-enterprise#104).,True,{}
glyptodon/guacamole-server,https://github.com/glyptodon/guacamole-server,248,2021-11-02T13:56:49Z,2021-11-02T20:08:35Z,2021-11-02T20:08:36Z,CLOSED,False,18,0,1,https://github.com/Noor-glyp,Added support for functions keys f1-f12 with SHIFT key.,1,[],https://github.com/glyptodon/guacamole-server/pull/248,https://github.com/Noor-glyp,1,https://github.com/glyptodon/guacamole-server/pull/248,"Added support for the shift+function key functionality at terminal.c file in both SSH and telnet.
Tested using the showkey -a by deploying it on the ssh server and checking the sent key commands.","Added support for the shift+function key functionality at terminal.c file in both SSH and telnet.
Tested using the showkey -a by deploying it on the ssh server and checking the sent key commands.",True,{}
glyptodon/guacamole-server,https://github.com/glyptodon/guacamole-server,248,2021-11-02T13:56:49Z,2021-11-02T20:08:35Z,2021-11-02T20:08:36Z,CLOSED,False,18,0,1,https://github.com/Noor-glyp,Added support for functions keys f1-f12 with SHIFT key.,1,[],https://github.com/glyptodon/guacamole-server/pull/248,https://github.com/mike-jumper,2,https://github.com/glyptodon/guacamole-server/pull/248#issuecomment-958128468,"Added support for the shift+function key functionality at terminal.c file in both SSH and telnet.
Tested using the showkey -a by deploying it on the ssh server and checking the sent key commands.","Thanks, @Noor-glyp! Please open your pull request against the relevant upstream GitHub repository rather than the Glyptodon fork: https://github.com/apache/guacamole-server",True,{}
