piedraj/AnalysisCMS,https://github.com/piedraj/AnalysisCMS,34,2016-03-02T17:29:37Z,2016-03-03T10:53:56Z,2016-03-03T10:53:56Z,MERGED,True,192,29,4,https://github.com/amanjong,MonoH Changes Manjon,1,[],https://github.com/piedraj/AnalysisCMS/pull/34,https://github.com/amanjong,1,https://github.com/piedraj/AnalysisCMS/pull/34,Cambios en referentes al análisis MonoH,Cambios en referentes al análisis MonoH,True,{}
piedraj/AnalysisCMS,https://github.com/piedraj/AnalysisCMS,35,2016-03-10T13:48:04Z,2016-03-10T13:48:23Z,2016-03-10T13:48:23Z,CLOSED,False,22,11,3,https://github.com/NTrevisani,"btgag WP corrected, merger modified for monoH",1,[],https://github.com/piedraj/AnalysisCMS/pull/35,https://github.com/NTrevisani,1,https://github.com/piedraj/AnalysisCMS/pull/35,,,True,{}
piedraj/AnalysisCMS,https://github.com/piedraj/AnalysisCMS,36,2016-03-10T13:48:40Z,2016-03-10T17:07:05Z,2016-03-10T17:07:05Z,MERGED,True,22,11,3,https://github.com/NTrevisani,"btgag WP corrected, merger modified for monoH",1,[],https://github.com/piedraj/AnalysisCMS/pull/36,https://github.com/NTrevisani,1,https://github.com/piedraj/AnalysisCMS/pull/36,,,True,{}
piedraj/AnalysisCMS,https://github.com/piedraj/AnalysisCMS,37,2016-03-14T11:50:03Z,2016-03-14T12:34:20Z,2016-03-14T12:34:20Z,MERGED,True,373,64,7,https://github.com/NTrevisani,mpmet and some plots for monoH,3,[],https://github.com/piedraj/AnalysisCMS/pull/37,https://github.com/NTrevisani,1,https://github.com/piedraj/AnalysisCMS/pull/37,,,True,{}
piedraj/AnalysisCMS,https://github.com/piedraj/AnalysisCMS,38,2016-03-15T09:08:53Z,2016-03-15T09:21:12Z,2016-03-15T09:21:12Z,MERGED,True,76,35,5,https://github.com/NTrevisani,a pair of razor variables and nll weight applied to WW,4,[],https://github.com/piedraj/AnalysisCMS/pull/38,https://github.com/NTrevisani,1,https://github.com/piedraj/AnalysisCMS/pull/38,,,True,{}
piedraj/AnalysisCMS,https://github.com/piedraj/AnalysisCMS,39,2016-03-15T15:47:19Z,2016-03-15T17:41:06Z,2016-03-15T17:41:06Z,MERGED,True,9,6,3,https://github.com/NTrevisani,other fixes,3,[],https://github.com/piedraj/AnalysisCMS/pull/39,https://github.com/NTrevisani,1,https://github.com/piedraj/AnalysisCMS/pull/39,,,True,{}
piedraj/AnalysisCMS,https://github.com/piedraj/AnalysisCMS,40,2016-03-17T15:33:07Z,2016-03-17T15:34:33Z,2016-03-17T15:34:33Z,MERGED,True,12,2,2,https://github.com/NTrevisani,monoH variables for minitree,1,[],https://github.com/piedraj/AnalysisCMS/pull/40,https://github.com/NTrevisani,1,https://github.com/piedraj/AnalysisCMS/pull/40,,,True,{}
piedraj/AnalysisCMS,https://github.com/piedraj/AnalysisCMS,41,2016-03-18T08:41:36Z,2016-03-18T16:55:51Z,2016-03-18T16:56:40Z,CLOSED,False,125,3,7,https://github.com/cedricpri,Master,26,[],https://github.com/piedraj/AnalysisCMS/pull/41,https://github.com/cedricpri,1,https://github.com/piedraj/AnalysisCMS/pull/41,Para que tengas el error de la luminosidad y la primera version del cálculo de sección eficaz.,Para que tengas el error de la luminosidad y la primera version del cálculo de sección eficaz.,True,{}
piedraj/AnalysisCMS,https://github.com/piedraj/AnalysisCMS,41,2016-03-18T08:41:36Z,2016-03-18T16:55:51Z,2016-03-18T16:56:40Z,CLOSED,False,125,3,7,https://github.com/cedricpri,Master,26,[],https://github.com/piedraj/AnalysisCMS/pull/41,https://github.com/piedraj,2,https://github.com/piedraj/AnalysisCMS/pull/41#issuecomment-198452711,Para que tengas el error de la luminosidad y la primera version del cálculo de sección eficaz.,A few files need to be removed.,True,{}
piedraj/AnalysisCMS,https://github.com/piedraj/AnalysisCMS,42,2016-03-19T11:39:19Z,2016-03-21T08:31:54Z,2016-03-21T08:31:54Z,MERGED,True,124,3,4,https://github.com/cedricpri,Add first attempt of cross section calculation,30,[],https://github.com/piedraj/AnalysisCMS/pull/42,https://github.com/cedricpri,1,https://github.com/piedraj/AnalysisCMS/pull/42,,,True,{}
piedraj/AnalysisCMS,https://github.com/piedraj/AnalysisCMS,43,2016-03-21T11:02:04Z,2016-03-21T12:17:16Z,2016-03-21T12:17:16Z,CLOSED,False,241,67,12,https://github.com/chazinb,towards electron tag,18,[],https://github.com/piedraj/AnalysisCMS/pull/43,https://github.com/chazinb,1,https://github.com/piedraj/AnalysisCMS/pull/43,,,True,{}
piedraj/AnalysisCMS,https://github.com/piedraj/AnalysisCMS,44,2016-03-21T16:28:02Z,2016-03-21T17:19:59Z,2016-03-21T17:19:59Z,MERGED,True,66,99,3,https://github.com/NTrevisani,fixing monoH,3,[],https://github.com/piedraj/AnalysisCMS/pull/44,https://github.com/NTrevisani,1,https://github.com/piedraj/AnalysisCMS/pull/44,,,True,{}
piedraj/AnalysisCMS,https://github.com/piedraj/AnalysisCMS,45,2016-03-22T13:47:39Z,2016-03-23T08:38:49Z,2016-03-23T08:38:49Z,MERGED,True,5,3,3,https://github.com/NTrevisani,small fixes,1,[],https://github.com/piedraj/AnalysisCMS/pull/45,https://github.com/NTrevisani,1,https://github.com/piedraj/AnalysisCMS/pull/45,,,True,{}
piedraj/AnalysisCMS,https://github.com/piedraj/AnalysisCMS,46,2016-03-23T14:30:56Z,2016-03-23T14:34:20Z,2016-03-23T14:34:20Z,MERGED,True,49,32,2,https://github.com/NTrevisani,new soft muon veto,3,[],https://github.com/piedraj/AnalysisCMS/pull/46,https://github.com/NTrevisani,1,https://github.com/piedraj/AnalysisCMS/pull/46,,,True,{}
piedraj/AnalysisCMS,https://github.com/piedraj/AnalysisCMS,47,2016-03-28T12:26:37Z,2016-03-28T12:31:28Z,2016-03-28T12:31:28Z,MERGED,True,218,45,10,https://github.com/chazinb,Top analysis,22,[],https://github.com/piedraj/AnalysisCMS/pull/47,https://github.com/chazinb,1,https://github.com/piedraj/AnalysisCMS/pull/47,,,True,{}
piedraj/AnalysisCMS,https://github.com/piedraj/AnalysisCMS,48,2016-03-29T15:14:36Z,2016-03-29T15:17:46Z,2016-03-29T15:17:46Z,MERGED,True,176,95,4,https://github.com/NTrevisani,for Guillelmo's sake,1,[],https://github.com/piedraj/AnalysisCMS/pull/48,https://github.com/NTrevisani,1,https://github.com/piedraj/AnalysisCMS/pull/48,,,True,{}
piedraj/AnalysisCMS,https://github.com/piedraj/AnalysisCMS,49,2016-03-30T09:23:11Z,2016-03-30T09:31:30Z,2016-03-30T09:31:30Z,MERGED,True,2,2,1,https://github.com/NTrevisani,tpyo,3,[],https://github.com/piedraj/AnalysisCMS/pull/49,https://github.com/NTrevisani,1,https://github.com/piedraj/AnalysisCMS/pull/49,,,True,{}
piedraj/AnalysisCMS,https://github.com/piedraj/AnalysisCMS,50,2016-04-01T10:33:02Z,2016-04-14T08:59:02Z,2016-04-14T08:59:02Z,MERGED,True,231,8,3,https://github.com/NTrevisani,first yields upload,7,[],https://github.com/piedraj/AnalysisCMS/pull/50,https://github.com/NTrevisani,1,https://github.com/piedraj/AnalysisCMS/pull/50,,,True,{}
piedraj/AnalysisCMS,https://github.com/piedraj/AnalysisCMS,50,2016-04-01T10:33:02Z,2016-04-14T08:59:02Z,2016-04-14T08:59:02Z,MERGED,True,231,8,3,https://github.com/NTrevisani,first yields upload,7,[],https://github.com/piedraj/AnalysisCMS/pull/50,https://github.com/NTrevisani,2,https://github.com/piedraj/AnalysisCMS/pull/50#issuecomment-209833913,,¿llega?,True,{}
piedraj/AnalysisCMS,https://github.com/piedraj/AnalysisCMS,51,2016-04-06T12:22:34Z,2016-04-06T12:30:31Z,2016-04-06T12:32:18Z,CLOSED,False,215,11,7,https://github.com/cedricpri,Master,8,[],https://github.com/piedraj/AnalysisCMS/pull/51,https://github.com/cedricpri,1,https://github.com/piedraj/AnalysisCMS/pull/51,First version of AnalysisFR to calculate the fake rate within this framework. The code compiles but the runAnalysis part doesn’t work for now.,First version of AnalysisFR to calculate the fake rate within this framework. The code compiles but the runAnalysis part doesn’t work for now.,True,{}
piedraj/AnalysisCMS,https://github.com/piedraj/AnalysisCMS,51,2016-04-06T12:22:34Z,2016-04-06T12:30:31Z,2016-04-06T12:32:18Z,CLOSED,False,215,11,7,https://github.com/cedricpri,Master,8,[],https://github.com/piedraj/AnalysisCMS/pull/51,https://github.com/piedraj,2,https://github.com/piedraj/AnalysisCMS/pull/51#issuecomment-206349611,First version of AnalysisFR to calculate the fake rate within this framework. The code compiles but the runAnalysis part doesn’t work for now.,"Remove changes in HistogramReader.
Test with AnalysisWZ if the new channels {e, m, l} don't break anything.",True,{}
piedraj/AnalysisCMS,https://github.com/piedraj/AnalysisCMS,52,2016-04-08T10:40:52Z,2016-04-08T11:08:57Z,2016-04-08T11:11:02Z,CLOSED,False,653,0,3,https://github.com/amanjong,DeltaR variables in MonoH,1,[],https://github.com/piedraj/AnalysisCMS/pull/52,https://github.com/amanjong,1,https://github.com/piedraj/AnalysisCMS/pull/52,Changes to include some DeltaR variables in AnalysisMonoH,Changes to include some DeltaR variables in AnalysisMonoH,True,{}
piedraj/AnalysisCMS,https://github.com/piedraj/AnalysisCMS,52,2016-04-08T10:40:52Z,2016-04-08T11:08:57Z,2016-04-08T11:11:02Z,CLOSED,False,653,0,3,https://github.com/amanjong,DeltaR variables in MonoH,1,[],https://github.com/piedraj/AnalysisCMS/pull/52,https://github.com/piedraj,2,https://github.com/piedraj/AnalysisCMS/pull/52#issuecomment-207381472,Changes to include some DeltaR variables in AnalysisMonoH,Update AnalysisMonoH with GetDeltaR().,True,{}
piedraj/AnalysisCMS,https://github.com/piedraj/AnalysisCMS,53,2016-04-11T15:08:12Z,2016-04-11T15:13:15Z,2016-04-11T15:13:16Z,MERGED,True,62,43,4,https://github.com/chazinb,"""11_abril_2016""",9,[],https://github.com/piedraj/AnalysisCMS/pull/53,https://github.com/chazinb,1,https://github.com/piedraj/AnalysisCMS/pull/53,"If Top:  scale = LinY and common htjets, htnojets histograms in runPlotter.C","If Top:  scale = LinY and common htjets, htnojets histograms in runPlotter.C",True,{}
piedraj/AnalysisCMS,https://github.com/piedraj/AnalysisCMS,54,2016-04-12T11:21:03Z,2016-04-12T14:46:14Z,2016-04-12T14:46:14Z,MERGED,True,135,47,3,https://github.com/amanjong,DeltaR Jets Variables,1,[],https://github.com/piedraj/AnalysisCMS/pull/54,https://github.com/amanjong,1,https://github.com/piedraj/AnalysisCMS/pull/54,,,True,{}
piedraj/AnalysisCMS,https://github.com/piedraj/AnalysisCMS,55,2016-05-04T17:04:13Z,2016-05-04T17:08:04Z,2016-05-04T17:08:04Z,MERGED,True,1128,0,5,https://github.com/scodella,Adding code for stop analysis,8,[],https://github.com/piedraj/AnalysisCMS/pull/55,https://github.com/scodella,1,https://github.com/piedraj/AnalysisCMS/pull/55,,,True,{}
piedraj/AnalysisCMS,https://github.com/piedraj/AnalysisCMS,56,2016-05-10T10:49:36Z,2016-05-10T10:55:19Z,2016-05-10T10:55:19Z,MERGED,True,1088,45,15,https://github.com/cedricpri,Master,53,[],https://github.com/piedraj/AnalysisCMS/pull/56,https://github.com/cedricpri,1,https://github.com/piedraj/AnalysisCMS/pull/56,Muon and electron FR almost synchronized,Muon and electron FR almost synchronized,True,{}
piedraj/AnalysisCMS,https://github.com/piedraj/AnalysisCMS,57,2016-05-11T11:57:50Z,2016-05-11T12:33:44Z,2016-05-11T12:33:44Z,MERGED,True,62,0,1,https://github.com/jgferrero,ttdm samples extension,1,[],https://github.com/piedraj/AnalysisCMS/pull/57,https://github.com/jgferrero,1,https://github.com/piedraj/AnalysisCMS/pull/57,*.txt containing the new bigger ttdm samples,*.txt containing the new bigger ttdm samples,True,{}
piedraj/AnalysisCMS,https://github.com/piedraj/AnalysisCMS,58,2016-05-12T08:23:55Z,2016-05-12T08:24:43Z,2016-05-12T08:24:43Z,MERGED,True,5,1,1,https://github.com/cedricpri,Master,2,[],https://github.com/piedraj/AnalysisCMS/pull/58,https://github.com/cedricpri,1,https://github.com/piedraj/AnalysisCMS/pull/58,Updated Readme,Updated Readme,True,{}
piedraj/AnalysisCMS,https://github.com/piedraj/AnalysisCMS,59,2016-05-20T14:12:52Z,2016-05-20T14:14:15Z,2016-05-20T14:14:15Z,MERGED,True,28,2,1,https://github.com/scodella,Adding FastSim CFs to AnalysisStop,1,[],https://github.com/piedraj/AnalysisCMS/pull/59,https://github.com/scodella,1,https://github.com/piedraj/AnalysisCMS/pull/59,,,True,{}
piedraj/AnalysisCMS,https://github.com/piedraj/AnalysisCMS,60,2016-05-26T10:59:58Z,2016-05-26T11:57:37Z,2016-05-26T11:57:37Z,MERGED,True,685,103,5,https://github.com/jgferrero,DatacardComposer,4,[],https://github.com/piedraj/AnalysisCMS/pull/60,https://github.com/jgferrero,1,https://github.com/piedraj/AnalysisCMS/pull/60,,,True,{}
piedraj/AnalysisCMS,https://github.com/piedraj/AnalysisCMS,61,2016-05-26T16:40:56Z,2016-05-27T07:18:09Z,2016-05-27T07:18:09Z,MERGED,True,6,9,1,https://github.com/scodella,Add instructions to get BTagSFUtil,1,[],https://github.com/piedraj/AnalysisCMS/pull/61,https://github.com/scodella,1,https://github.com/piedraj/AnalysisCMS/pull/61,,,True,{}
piedraj/AnalysisCMS,https://github.com/piedraj/AnalysisCMS,62,2016-05-30T14:19:52Z,2016-05-30T14:27:27Z,2016-05-30T14:27:27Z,MERGED,True,642,53,12,https://github.com/scodella,Changes to run on 74X trees,4,[],https://github.com/piedraj/AnalysisCMS/pull/62,https://github.com/scodella,1,https://github.com/piedraj/AnalysisCMS/pull/62,,,True,{}
piedraj/AnalysisCMS,https://github.com/piedraj/AnalysisCMS,63,2016-06-06T15:36:55Z,2016-06-06T15:39:50Z,2016-06-06T15:39:50Z,MERGED,True,622,153,7,https://github.com/scodella,Updating list of 74X trees + adding new variables for stop analysis,2,[],https://github.com/piedraj/AnalysisCMS/pull/63,https://github.com/scodella,1,https://github.com/piedraj/AnalysisCMS/pull/63,"MC tree names does not always match the one in 76X, some MC samples is also missing but should not be relevant for stop
some new histograms have been added to AnalysisStop only as they relate mainly to studies of association between the leptons and the b jets
added some stop variables to mini trees too
I change GetHT to make it independent of the pseudorapiduty cut in the analysis, change should be transparent for analyses not using any cut","MC tree names does not always match the one in 76X, some MC samples is also missing but should not be relevant for stop
some new histograms have been added to AnalysisStop only as they relate mainly to studies of association between the leptons and the b jets
added some stop variables to mini trees too
I change GetHT to make it independent of the pseudorapiduty cut in the analysis, change should be transparent for analyses not using any cut",True,{}
piedraj/AnalysisCMS,https://github.com/piedraj/AnalysisCMS,64,2016-06-09T07:20:26Z,2016-06-09T07:43:11Z,2016-06-09T07:43:12Z,MERGED,True,577,185,10,https://github.com/cedricpri,Master,30,[],https://github.com/piedraj/AnalysisCMS/pull/64,https://github.com/cedricpri,1,https://github.com/piedraj/AnalysisCMS/pull/64,Pull request so that you can have in your git repository the last version of the code I’m using.,Pull request so that you can have in your git repository the last version of the code I’m using.,True,{}
piedraj/AnalysisCMS,https://github.com/piedraj/AnalysisCMS,65,2016-06-09T17:39:11Z,2016-06-10T07:25:13Z,2016-06-10T07:25:13Z,CLOSED,False,1258,85,25,https://github.com/chazinb,to Stop,25,[],https://github.com/piedraj/AnalysisCMS/pull/65,https://github.com/chazinb,1,https://github.com/piedraj/AnalysisCMS/pull/65,,,True,{}
piedraj/AnalysisCMS,https://github.com/piedraj/AnalysisCMS,65,2016-06-09T17:39:11Z,2016-06-10T07:25:13Z,2016-06-10T07:25:13Z,CLOSED,False,1258,85,25,https://github.com/chazinb,to Stop,25,[],https://github.com/piedraj/AnalysisCMS/pull/65,https://github.com/piedraj,2,https://github.com/piedraj/AnalysisCMS/pull/65#issuecomment-225111793,,"Hola Bárbara, este merge tiene conflictos. Si quieres lo miramos hoy por la tarde.",True,{}
piedraj/AnalysisCMS,https://github.com/piedraj/AnalysisCMS,66,2016-06-10T08:42:53Z,2016-06-10T09:09:03Z,2016-06-10T09:09:27Z,CLOSED,False,5,4,1,https://github.com/scodella,fix for met histograms,2,[],https://github.com/piedraj/AnalysisCMS/pull/66,https://github.com/scodella,1,https://github.com/piedraj/AnalysisCMS/pull/66,"I  fixed the usage of the met variables in 74X trees so that not it's used also for filling the met histogram and not only the vector MET. The change should be straightforward, but note that I didn't test it because of the issue with the queue in gridui
The change in AnalysisStop is only to correct an unintentional previous commit","I  fixed the usage of the met variables in 74X trees so that not it's used also for filling the met histogram and not only the vector MET. The change should be straightforward, but note that I didn't test it because of the issue with the queue in gridui
The change in AnalysisStop is only to correct an unintentional previous commit",True,{}
piedraj/AnalysisCMS,https://github.com/piedraj/AnalysisCMS,66,2016-06-10T08:42:53Z,2016-06-10T09:09:03Z,2016-06-10T09:09:27Z,CLOSED,False,5,4,1,https://github.com/scodella,fix for met histograms,2,[],https://github.com/piedraj/AnalysisCMS/pull/66,https://github.com/piedraj,2,https://github.com/piedraj/AnalysisCMS/pull/66#issuecomment-225131247,"I  fixed the usage of the met variables in 74X trees so that not it's used also for filling the met histogram and not only the vector MET. The change should be straightforward, but note that I didn't test it because of the issue with the queue in gridui
The change in AnalysisStop is only to correct an unintentional previous commit",Changed inside the Fill of the histograms.,True,{}
piedraj/AnalysisCMS,https://github.com/piedraj/AnalysisCMS,67,2016-06-10T14:01:12Z,2016-06-10T14:11:17Z,2016-06-10T14:11:17Z,MERGED,True,222,0,5,https://github.com/scodella,codes to run jobs in lxplus,6,[],https://github.com/piedraj/AnalysisCMS/pull/67,https://github.com/scodella,1,https://github.com/piedraj/AnalysisCMS/pull/67,"Contains:

submit-jobs-lxplus.sh
settings.lsf
samples/samples_data_2015D_74X_eos.txt
samples/samples_mc_74X_eos.txt
samples/samples_stop_74X_eos.txt","Contains:

submit-jobs-lxplus.sh
settings.lsf
samples/samples_data_2015D_74X_eos.txt
samples/samples_mc_74X_eos.txt
samples/samples_stop_74X_eos.txt",True,{}
piedraj/AnalysisCMS,https://github.com/piedraj/AnalysisCMS,68,2016-06-10T16:13:27Z,2016-06-13T09:00:46Z,2016-06-13T09:00:46Z,CLOSED,False,916,78,12,https://github.com/chazinb,simple pull request,29,[],https://github.com/piedraj/AnalysisCMS/pull/68,https://github.com/chazinb,1,https://github.com/piedraj/AnalysisCMS/pull/68,,,True,{}
piedraj/AnalysisCMS,https://github.com/piedraj/AnalysisCMS,68,2016-06-10T16:13:27Z,2016-06-13T09:00:46Z,2016-06-13T09:00:46Z,CLOSED,False,916,78,12,https://github.com/chazinb,simple pull request,29,[],https://github.com/piedraj/AnalysisCMS/pull/68,https://github.com/piedraj,2,https://github.com/piedraj/AnalysisCMS/pull/68#issuecomment-225525349,,"Hola Bárbara, este pull request tiene conflictos. Has de arreglarlos antes de hacer un commit.",True,{}
piedraj/AnalysisCMS,https://github.com/piedraj/AnalysisCMS,69,2016-06-13T09:42:10Z,2016-06-13T09:48:32Z,2016-06-13T09:48:32Z,MERGED,True,914,79,12,https://github.com/chazinb,again the simple request,30,[],https://github.com/piedraj/AnalysisCMS/pull/69,https://github.com/chazinb,1,https://github.com/piedraj/AnalysisCMS/pull/69,,,True,{}
piedraj/AnalysisCMS,https://github.com/piedraj/AnalysisCMS,70,2016-06-14T11:32:19Z,2016-06-14T11:36:12Z,2016-06-14T11:36:12Z,CLOSED,False,785,213,11,https://github.com/cedricpri,Master,5,[],https://github.com/piedraj/AnalysisCMS/pull/70,https://github.com/cedricpri,1,https://github.com/piedraj/AnalysisCMS/pull/70,Added a loop over different values of inputjetet and first version of getLumiEff.C,Added a loop over different values of inputjetet and first version of getLumiEff.C,True,{}
piedraj/AnalysisCMS,https://github.com/piedraj/AnalysisCMS,70,2016-06-14T11:32:19Z,2016-06-14T11:36:12Z,2016-06-14T11:36:12Z,CLOSED,False,785,213,11,https://github.com/cedricpri,Master,5,[],https://github.com/piedraj/AnalysisCMS/pull/70,https://github.com/piedraj,2,https://github.com/piedraj/AnalysisCMS/pull/70#issuecomment-225855146,Added a loop over different values of inputjetet and first version of getLumiEff.C,Needs some cleanup first.,True,{}
piedraj/AnalysisCMS,https://github.com/piedraj/AnalysisCMS,71,2016-06-21T16:15:06Z,2016-06-21T16:18:20Z,2016-06-21T16:18:20Z,MERGED,True,777,15,11,https://github.com/chazinb,21Jun,4,[],https://github.com/piedraj/AnalysisCMS/pull/71,https://github.com/chazinb,1,https://github.com/piedraj/AnalysisCMS/pull/71,,,True,{}
piedraj/AnalysisCMS,https://github.com/piedraj/AnalysisCMS,72,2016-06-22T08:09:13Z,2016-06-22T14:31:27Z,2016-06-22T14:31:27Z,CLOSED,False,443,168,11,https://github.com/NTrevisani,roc curve,9,[],https://github.com/piedraj/AnalysisCMS/pull/72,https://github.com/NTrevisani,1,https://github.com/piedraj/AnalysisCMS/pull/72,,,True,{}
piedraj/AnalysisCMS,https://github.com/piedraj/AnalysisCMS,73,2016-06-22T15:20:55Z,2016-06-22T15:28:48Z,2016-06-22T15:28:48Z,MERGED,True,416,162,11,https://github.com/NTrevisani,roc curve,12,[],https://github.com/piedraj/AnalysisCMS/pull/73,https://github.com/NTrevisani,1,https://github.com/piedraj/AnalysisCMS/pull/73,,,True,{}
piedraj/AnalysisCMS,https://github.com/piedraj/AnalysisCMS,74,2016-06-23T10:17:43Z,2016-06-23T10:38:37Z,2016-06-23T10:38:37Z,MERGED,True,1195,536,17,https://github.com/cedricpri,Master,20,[],https://github.com/piedraj/AnalysisCMS/pull/74,https://github.com/cedricpri,1,https://github.com/piedraj/AnalysisCMS/pull/74,"Updated getLumiEff and getFakeRate macros, with bash submission of the latino jobs added","Updated getLumiEff and getFakeRate macros, with bash submission of the latino jobs added",True,{}
piedraj/AnalysisCMS,https://github.com/piedraj/AnalysisCMS,75,2016-07-06T15:04:47Z,2016-07-06T15:15:17Z,2016-07-06T15:15:17Z,MERGED,True,8,1,2,https://github.com/NTrevisani,don't change Y axis rangeuser in case of 'nostack',2,[],https://github.com/piedraj/AnalysisCMS/pull/75,https://github.com/NTrevisani,1,https://github.com/piedraj/AnalysisCMS/pull/75,,,True,{}
piedraj/AnalysisCMS,https://github.com/piedraj/AnalysisCMS,76,2016-07-08T08:52:08Z,2016-07-08T08:57:48Z,2016-07-08T08:57:48Z,MERGED,True,362,278,13,https://github.com/cedricpri,Master,8,[],https://github.com/piedraj/AnalysisCMS/pull/76,https://github.com/cedricpri,1,https://github.com/piedraj/AnalysisCMS/pull/76,Updated FR analysis and documentation,Updated FR analysis and documentation,True,{}
piedraj/AnalysisCMS,https://github.com/piedraj/AnalysisCMS,77,2016-07-14T16:18:23Z,2016-07-18T10:42:54Z,2016-07-18T10:42:54Z,CLOSED,False,83,64,7,https://github.com/chazinb,updated merge.sh  ,6,[],https://github.com/piedraj/AnalysisCMS/pull/77,https://github.com/chazinb,1,https://github.com/piedraj/AnalysisCMS/pull/77,,,True,{}
piedraj/AnalysisCMS,https://github.com/piedraj/AnalysisCMS,77,2016-07-14T16:18:23Z,2016-07-18T10:42:54Z,2016-07-18T10:42:54Z,CLOSED,False,83,64,7,https://github.com/chazinb,updated merge.sh  ,6,[],https://github.com/piedraj/AnalysisCMS/pull/77,https://github.com/piedraj,2,https://github.com/piedraj/AnalysisCMS/pull/77#issuecomment-233297049,,"""This branch has conflicts that must be resolved""",True,{}
piedraj/AnalysisCMS,https://github.com/piedraj/AnalysisCMS,78,2016-07-16T05:34:31Z,2016-07-16T05:34:41Z,2016-07-16T05:34:41Z,CLOSED,False,0,0,0,https://github.com/rociovilar,Merge pull request #1 from piedraj/master,1,[],https://github.com/piedraj/AnalysisCMS/pull/78,https://github.com/rociovilar,1,https://github.com/piedraj/AnalysisCMS/pull/78,update from the original,update from the original,True,{}
piedraj/AnalysisCMS,https://github.com/piedraj/AnalysisCMS,79,2016-07-16T05:37:30Z,2016-07-16T09:22:58Z,2016-07-16T09:22:58Z,CLOSED,False,0,0,0,https://github.com/rociovilar,Merge pull request #1 from piedraj/master,1,[],https://github.com/piedraj/AnalysisCMS/pull/79,https://github.com/rociovilar,1,https://github.com/piedraj/AnalysisCMS/pull/79,update from the original,update from the original,True,{}
piedraj/AnalysisCMS,https://github.com/piedraj/AnalysisCMS,80,2016-07-18T14:55:11Z,2016-07-21T15:08:18Z,2016-07-21T15:09:45Z,CLOSED,False,110,59,8,https://github.com/chazinb,new merge ,9,[],https://github.com/piedraj/AnalysisCMS/pull/80,https://github.com/chazinb,1,https://github.com/piedraj/AnalysisCMS/pull/80,,,True,{}
piedraj/AnalysisCMS,https://github.com/piedraj/AnalysisCMS,80,2016-07-18T14:55:11Z,2016-07-21T15:08:18Z,2016-07-21T15:09:45Z,CLOSED,False,110,59,8,https://github.com/chazinb,new merge ,9,[],https://github.com/piedraj/AnalysisCMS/pull/80,https://github.com/piedraj,2,https://github.com/piedraj/AnalysisCMS/pull/80#issuecomment-234284108,,Due to the fast changes in data and MC versions we move the analyses to lxplus.,True,{}
piedraj/AnalysisCMS,https://github.com/piedraj/AnalysisCMS,81,2016-07-22T08:06:57Z,2016-07-22T08:51:55Z,2016-07-22T08:51:55Z,MERGED,True,332,21,8,https://github.com/NTrevisani,80X,5,[],https://github.com/piedraj/AnalysisCMS/pull/81,https://github.com/NTrevisani,1,https://github.com/piedraj/AnalysisCMS/pull/81,,,True,{}
piedraj/AnalysisCMS,https://github.com/piedraj/AnalysisCMS,82,2016-07-22T08:46:39Z,2016-07-22T09:10:16Z,2016-07-22T09:10:16Z,MERGED,True,96,37,2,https://github.com/jgferrero,TTDM cuts updated,1,[],https://github.com/piedraj/AnalysisCMS/pull/82,https://github.com/jgferrero,1,https://github.com/piedraj/AnalysisCMS/pull/82,"Jónatan, he actualizado los cambios en la secuencia de cortes TTDM. ¿Puedes autorizarlos, por favor? Gracias, J.","Jónatan, he actualizado los cambios en la secuencia de cortes TTDM. ¿Puedes autorizarlos, por favor? Gracias, J.",True,{}
piedraj/AnalysisCMS,https://github.com/piedraj/AnalysisCMS,83,2016-07-27T13:09:47Z,2016-07-27T13:20:30Z,2016-07-27T13:20:31Z,MERGED,True,159,303,6,https://github.com/NTrevisani,lxplus,2,[],https://github.com/piedraj/AnalysisCMS/pull/83,https://github.com/NTrevisani,1,https://github.com/piedraj/AnalysisCMS/pull/83,,,True,{}
piedraj/AnalysisCMS,https://github.com/piedraj/AnalysisCMS,84,2016-08-01T07:28:17Z,2016-08-01T08:51:56Z,2016-08-01T08:51:56Z,MERGED,True,94,44,6,https://github.com/NTrevisani,now everything should work on lxplus,1,[],https://github.com/piedraj/AnalysisCMS/pull/84,https://github.com/NTrevisani,1,https://github.com/piedraj/AnalysisCMS/pull/84,,,True,{}
piedraj/AnalysisCMS,https://github.com/piedraj/AnalysisCMS,85,2016-08-02T10:18:36Z,2016-08-02T10:19:51Z,2016-08-02T10:19:51Z,CLOSED,False,0,0,0,https://github.com/rociovilar,Merge pull request #1 from piedraj/master,1,[],https://github.com/piedraj/AnalysisCMS/pull/85,https://github.com/rociovilar,1,https://github.com/piedraj/AnalysisCMS/pull/85,update from the original,update from the original,True,{}
piedraj/AnalysisCMS,https://github.com/piedraj/AnalysisCMS,86,2016-08-02T10:22:45Z,2016-08-02T13:58:07Z,2016-08-02T13:58:07Z,CLOSED,False,0,0,0,https://github.com/rociovilar,Merge pull request #1 from piedraj/master,2,[],https://github.com/piedraj/AnalysisCMS/pull/86,https://github.com/rociovilar,1,https://github.com/piedraj/AnalysisCMS/pull/86,update from the original,update from the original,True,{}
piedraj/AnalysisCMS,https://github.com/piedraj/AnalysisCMS,87,2016-08-03T09:43:57Z,2016-08-03T11:18:21Z,2016-08-03T11:18:21Z,MERGED,True,18,1,2,https://github.com/scodella,"b-tag working points for 80X (as 76X, anyway)",1,[],https://github.com/piedraj/AnalysisCMS/pull/87,https://github.com/scodella,1,https://github.com/piedraj/AnalysisCMS/pull/87,Cloned include/BTagWorkingPoints76X.h to include/BTagWorkingPoints80X.h,Cloned include/BTagWorkingPoints76X.h to include/BTagWorkingPoints80X.h,True,{}
piedraj/AnalysisCMS,https://github.com/piedraj/AnalysisCMS,88,2016-08-06T15:31:38Z,2016-08-06T16:09:30Z,2016-08-06T16:09:31Z,MERGED,True,34,0,1,https://github.com/jgferrero,ttDM for lxplus,1,[],https://github.com/piedraj/AnalysisCMS/pull/88,https://github.com/jgferrero,1,https://github.com/piedraj/AnalysisCMS/pull/88,,,True,{}
piedraj/AnalysisCMS,https://github.com/piedraj/AnalysisCMS,89,2016-08-08T09:36:45Z,2016-08-08T12:26:29Z,2016-08-08T12:26:29Z,MERGED,True,4,0,1,https://github.com/scodella,80X T2tt stop mass scans,1,[],https://github.com/piedraj/AnalysisCMS/pull/89,https://github.com/scodella,1,https://github.com/piedraj/AnalysisCMS/pull/89,,,True,{}
piedraj/AnalysisCMS,https://github.com/piedraj/AnalysisCMS,90,2016-08-23T09:51:40Z,2016-08-23T10:34:39Z,2016-08-23T10:34:39Z,CLOSED,False,47,46,5,https://github.com/jgferrero,ttDM samples file: corregido,2,[],https://github.com/piedraj/AnalysisCMS/pull/90,https://github.com/jgferrero,1,https://github.com/piedraj/AnalysisCMS/pull/90,,,True,{}
piedraj/AnalysisCMS,https://github.com/piedraj/AnalysisCMS,90,2016-08-23T09:51:40Z,2016-08-23T10:34:39Z,2016-08-23T10:34:39Z,CLOSED,False,47,46,5,https://github.com/jgferrero,ttDM samples file: corregido,2,[],https://github.com/piedraj/AnalysisCMS/pull/90,https://github.com/piedraj,2,https://github.com/piedraj/AnalysisCMS/pull/90#issuecomment-241691992,,"Juan, tu pull request aparece como ""This branch has conflicts that must be resolved"". Bájate la última versión del repositorio y aplica ahí tus cambios.",True,{}
piedraj/AnalysisCMS,https://github.com/piedraj/AnalysisCMS,91,2016-09-05T15:21:45Z,2016-09-05T15:53:36Z,2016-09-05T15:53:36Z,MERGED,True,38,32,4,https://github.com/NTrevisani,fixing monoH,3,[],https://github.com/piedraj/AnalysisCMS/pull/91,https://github.com/NTrevisani,1,https://github.com/piedraj/AnalysisCMS/pull/91,,,True,{}
piedraj/AnalysisCMS,https://github.com/piedraj/AnalysisCMS,92,2016-09-16T11:05:09Z,2016-09-16T12:00:16Z,2016-09-16T12:00:16Z,MERGED,True,1,1,1,https://github.com/NTrevisani,data samples,3,[],https://github.com/piedraj/AnalysisCMS/pull/92,https://github.com/NTrevisani,1,https://github.com/piedraj/AnalysisCMS/pull/92,,,True,{}
piedraj/AnalysisCMS,https://github.com/piedraj/AnalysisCMS,93,2016-09-19T09:36:10Z,2016-09-19T10:09:10Z,2016-09-19T10:09:10Z,CLOSED,False,2246,117,22,https://github.com/jgferrero,top gen variables and tt reconstruction from ETH ,15,[],https://github.com/piedraj/AnalysisCMS/pull/93,https://github.com/jgferrero,1,https://github.com/piedraj/AnalysisCMS/pull/93,,,True,{}
piedraj/AnalysisCMS,https://github.com/piedraj/AnalysisCMS,93,2016-09-19T09:36:10Z,2016-09-19T10:09:10Z,2016-09-19T10:09:10Z,CLOSED,False,2246,117,22,https://github.com/jgferrero,top gen variables and tt reconstruction from ETH ,15,[],https://github.com/piedraj/AnalysisCMS/pull/93,https://github.com/piedraj,2,https://github.com/piedraj/AnalysisCMS/pull/93#issuecomment-247955514,,"Even if this pull request doesn't have conflicts, it modifies basic code in an undesired way.",True,{}
piedraj/AnalysisCMS,https://github.com/piedraj/AnalysisCMS,94,2016-09-19T10:17:27Z,2016-09-19T13:27:13Z,2016-09-19T13:27:13Z,CLOSED,False,1532,79,22,https://github.com/jgferrero,top gen variables and tt reconstruction from ETH - 2,18,[],https://github.com/piedraj/AnalysisCMS/pull/94,https://github.com/jgferrero,1,https://github.com/piedraj/AnalysisCMS/pull/94,,,True,{}
piedraj/AnalysisCMS,https://github.com/piedraj/AnalysisCMS,94,2016-09-19T10:17:27Z,2016-09-19T13:27:13Z,2016-09-19T13:27:13Z,CLOSED,False,1532,79,22,https://github.com/jgferrero,top gen variables and tt reconstruction from ETH - 2,18,[],https://github.com/piedraj/AnalysisCMS/pull/94,https://github.com/piedraj,2,https://github.com/piedraj/AnalysisCMS/pull/94#issuecomment-247992448,,Needs to be fixed so it works also on data.,True,{}
piedraj/AnalysisCMS,https://github.com/piedraj/AnalysisCMS,95,2016-09-19T13:18:27Z,2016-09-19T13:27:27Z,2016-09-19T13:27:27Z,MERGED,True,111,3,4,https://github.com/NTrevisani,dytt,2,[],https://github.com/piedraj/AnalysisCMS/pull/95,https://github.com/NTrevisani,1,https://github.com/piedraj/AnalysisCMS/pull/95,,,True,{}
piedraj/AnalysisCMS,https://github.com/piedraj/AnalysisCMS,96,2016-09-19T14:11:08Z,2016-09-19T15:29:13Z,2016-09-19T15:29:13Z,MERGED,True,1251,79,16,https://github.com/jgferrero,top gen variables and tt reconstruction from ETH - 3,23,[],https://github.com/piedraj/AnalysisCMS/pull/96,https://github.com/jgferrero,1,https://github.com/piedraj/AnalysisCMS/pull/96,,,True,{}
piedraj/AnalysisCMS,https://github.com/piedraj/AnalysisCMS,97,2016-09-20T08:43:32Z,2016-09-21T09:13:43Z,2016-09-21T09:13:43Z,MERGED,True,137,5,3,https://github.com/jgferrero,mc and ttdm topSel samples,1,[],https://github.com/piedraj/AnalysisCMS/pull/97,https://github.com/jgferrero,1,https://github.com/piedraj/AnalysisCMS/pull/97,,,True,{}
piedraj/AnalysisCMS,https://github.com/piedraj/AnalysisCMS,98,2016-09-21T09:08:47Z,2016-09-21T09:13:09Z,2016-09-21T09:13:09Z,MERGED,True,6,0,1,https://github.com/scodella,Adding more stop samples,1,[],https://github.com/piedraj/AnalysisCMS/pull/98,https://github.com/scodella,1,https://github.com/piedraj/AnalysisCMS/pull/98,,,True,{}
piedraj/AnalysisCMS,https://github.com/piedraj/AnalysisCMS,99,2016-09-21T18:46:11Z,2016-09-22T08:53:26Z,2016-09-22T08:53:26Z,MERGED,True,87,54,5,https://github.com/jgferrero,"regular pull request, not so many news except for a new preselection for the ttDM analysis",7,[],https://github.com/piedraj/AnalysisCMS/pull/99,https://github.com/jgferrero,1,https://github.com/piedraj/AnalysisCMS/pull/99,,,True,{}
piedraj/AnalysisCMS,https://github.com/piedraj/AnalysisCMS,100,2016-09-23T08:14:04Z,2016-09-23T08:18:20Z,2016-09-23T08:18:20Z,CLOSED,False,744,301,18,https://github.com/cedricpri,Master,28,[],https://github.com/piedraj/AnalysisCMS/pull/100,https://github.com/cedricpri,1,https://github.com/piedraj/AnalysisCMS/pull/100,Updated 12fb fakes analysis,Updated 12fb fakes analysis,True,{}
piedraj/AnalysisCMS,https://github.com/piedraj/AnalysisCMS,100,2016-09-23T08:14:04Z,2016-09-23T08:18:20Z,2016-09-23T08:18:20Z,CLOSED,False,744,301,18,https://github.com/cedricpri,Master,28,[],https://github.com/piedraj/AnalysisCMS/pull/100,https://github.com/cedricpri,2,https://github.com/piedraj/AnalysisCMS/pull/100#issuecomment-249131237,Updated 12fb fakes analysis,"Some errors still present, new pull request in a few minutes.",True,{}
piedraj/AnalysisCMS,https://github.com/piedraj/AnalysisCMS,101,2016-09-23T08:23:38Z,2016-09-23T09:03:53Z,2016-09-23T09:03:53Z,MERGED,True,469,299,13,https://github.com/cedricpri,Master,29,[],https://github.com/piedraj/AnalysisCMS/pull/101,https://github.com/cedricpri,1,https://github.com/piedraj/AnalysisCMS/pull/101,Updated 12fb fakes analysis with corrections,Updated 12fb fakes analysis with corrections,True,{}
piedraj/AnalysisCMS,https://github.com/piedraj/AnalysisCMS,102,2016-09-26T08:29:10Z,2016-09-26T08:35:33Z,2016-09-26T08:55:54Z,CLOSED,False,3,0,1,https://github.com/NTrevisani,minor changes,2,[],https://github.com/piedraj/AnalysisCMS/pull/102,https://github.com/NTrevisani,1,https://github.com/piedraj/AnalysisCMS/pull/102,,,True,{}
piedraj/AnalysisCMS,https://github.com/piedraj/AnalysisCMS,102,2016-09-26T08:29:10Z,2016-09-26T08:35:33Z,2016-09-26T08:55:54Z,CLOSED,False,3,0,1,https://github.com/NTrevisani,minor changes,2,[],https://github.com/piedraj/AnalysisCMS/pull/102,https://github.com/piedraj,2,https://github.com/piedraj/AnalysisCMS/pull/102#issuecomment-249511066,,"Hola Nicolò, he quitado esas líneas porque hay gente que me lo ha pedido así... Dichas líneas (rm -rf rootfiles; rm -rf jobs) no son estrictamente obligatorias.",True,{}
piedraj/AnalysisCMS,https://github.com/piedraj/AnalysisCMS,102,2016-09-26T08:29:10Z,2016-09-26T08:35:33Z,2016-09-26T08:55:54Z,CLOSED,False,3,0,1,https://github.com/NTrevisani,minor changes,2,[],https://github.com/piedraj/AnalysisCMS/pull/102,https://github.com/NTrevisani,3,https://github.com/piedraj/AnalysisCMS/pull/102#issuecomment-249515215,,"Vale, perdón. Pensé que se me había olvidado hacer el commit.",True,{}
piedraj/AnalysisCMS,https://github.com/piedraj/AnalysisCMS,103,2016-09-27T07:36:05Z,2016-09-27T07:43:52Z,2016-09-27T07:43:52Z,MERGED,True,594,7,6,https://github.com/fmanteca,AnalysisDY,6,[],https://github.com/piedraj/AnalysisCMS/pull/103,https://github.com/fmanteca,1,https://github.com/piedraj/AnalysisCMS/pull/103,"Archivo AnalysisDY.C, por fin","Archivo AnalysisDY.C, por fin",True,{}
piedraj/AnalysisCMS,https://github.com/piedraj/AnalysisCMS,104,2016-09-27T09:02:25Z,2016-09-27T09:03:19Z,2016-09-27T09:03:30Z,CLOSED,False,93,0,1,https://github.com/fmanteca,Master,5,[],https://github.com/piedraj/AnalysisCMS/pull/104,https://github.com/fmanteca,1,https://github.com/piedraj/AnalysisCMS/pull/104,AnalysisDY.h y CutsDY.h,AnalysisDY.h y CutsDY.h,True,{}
piedraj/AnalysisCMS,https://github.com/piedraj/AnalysisCMS,104,2016-09-27T09:02:25Z,2016-09-27T09:03:19Z,2016-09-27T09:03:30Z,CLOSED,False,93,0,1,https://github.com/fmanteca,Master,5,[],https://github.com/piedraj/AnalysisCMS/pull/104,https://github.com/piedraj,2,https://github.com/piedraj/AnalysisCMS/pull/104#issuecomment-249808139,AnalysisDY.h y CutsDY.h,No acepto CutsPedro.h,True,{}
piedraj/AnalysisCMS,https://github.com/piedraj/AnalysisCMS,105,2016-09-28T09:26:53Z,2016-09-28T10:01:16Z,2016-09-28T10:01:35Z,CLOSED,False,103,119,10,https://github.com/chazinb,Updating AnalysisStop stuff,17,[],https://github.com/piedraj/AnalysisCMS/pull/105,https://github.com/chazinb,1,https://github.com/piedraj/AnalysisCMS/pull/105,,,True,{}
piedraj/AnalysisCMS,https://github.com/piedraj/AnalysisCMS,105,2016-09-28T09:26:53Z,2016-09-28T10:01:16Z,2016-09-28T10:01:35Z,CLOSED,False,103,119,10,https://github.com/chazinb,Updating AnalysisStop stuff,17,[],https://github.com/piedraj/AnalysisCMS/pull/105,https://github.com/piedraj,2,https://github.com/piedraj/AnalysisCMS/pull/105#issuecomment-250124913,,Please fix first the conflicts. Thanks!,True,{}
piedraj/AnalysisCMS,https://github.com/piedraj/AnalysisCMS,106,2016-09-28T12:32:37Z,2016-09-28T14:22:33Z,2016-09-28T14:22:33Z,MERGED,True,101,122,9,https://github.com/chazinb,Updating AnalysisStop stuff II,18,[],https://github.com/piedraj/AnalysisCMS/pull/106,https://github.com/chazinb,1,https://github.com/piedraj/AnalysisCMS/pull/106,,,True,{}
piedraj/AnalysisCMS,https://github.com/piedraj/AnalysisCMS,107,2016-09-28T17:33:58Z,2016-09-29T07:54:38Z,2016-09-29T07:54:38Z,MERGED,True,71,48,3,https://github.com/jgferrero,regular,8,[],https://github.com/piedraj/AnalysisCMS/pull/107,https://github.com/jgferrero,1,https://github.com/piedraj/AnalysisCMS/pull/107,,,True,{}
piedraj/AnalysisCMS,https://github.com/piedraj/AnalysisCMS,108,2016-09-29T09:05:05Z,2016-09-29T09:49:27Z,2016-09-29T09:49:28Z,MERGED,True,36,5,3,https://github.com/NTrevisani,bug fix in Significance and ROC calculation,4,[],https://github.com/piedraj/AnalysisCMS/pull/108,https://github.com/NTrevisani,1,https://github.com/piedraj/AnalysisCMS/pull/108,,,True,{}
piedraj/AnalysisCMS,https://github.com/piedraj/AnalysisCMS,109,2016-09-30T14:52:09Z,2016-10-03T12:32:23Z,2016-10-03T12:32:23Z,MERGED,True,211,28,5,https://github.com/jgferrero,tt reco enters in minitrees,5,[],https://github.com/piedraj/AnalysisCMS/pull/109,https://github.com/jgferrero,1,https://github.com/piedraj/AnalysisCMS/pull/109,,,True,{}
piedraj/AnalysisCMS,https://github.com/piedraj/AnalysisCMS,110,2016-10-06T09:15:15Z,2016-10-06T09:47:09Z,2016-10-06T09:47:09Z,MERGED,True,8,3,4,https://github.com/NTrevisani,metPuppi added,1,[],https://github.com/piedraj/AnalysisCMS/pull/110,https://github.com/NTrevisani,1,https://github.com/piedraj/AnalysisCMS/pull/110,,,True,{}
piedraj/AnalysisCMS,https://github.com/piedraj/AnalysisCMS,111,2016-10-07T13:55:37Z,2016-10-07T14:00:20Z,2016-10-07T14:00:20Z,MERGED,True,91,0,2,https://github.com/NTrevisani,monoh l2tight,3,[],https://github.com/piedraj/AnalysisCMS/pull/111,https://github.com/NTrevisani,1,https://github.com/piedraj/AnalysisCMS/pull/111,,,True,{}
piedraj/AnalysisCMS,https://github.com/piedraj/AnalysisCMS,112,2016-10-13T08:46:29Z,2016-10-13T08:56:20Z,2016-10-13T08:56:20Z,MERGED,True,1,0,1,https://github.com/NTrevisani,missing mass point added,1,[],https://github.com/piedraj/AnalysisCMS/pull/112,https://github.com/NTrevisani,1,https://github.com/piedraj/AnalysisCMS/pull/112,,,True,{}
piedraj/AnalysisCMS,https://github.com/piedraj/AnalysisCMS,113,2016-10-13T11:37:17Z,2016-10-13T14:48:49Z,2016-10-13T14:48:49Z,MERGED,True,284,20,10,https://github.com/cedricpri,Master,16,[],https://github.com/piedraj/AnalysisCMS/pull/113,https://github.com/cedricpri,1,https://github.com/piedraj/AnalysisCMS/pull/113,"Added AnalysisShape and the first version of the combine instructions (more details coming soon…),  added mtw cut in AnalysisFR and better looking fake plots.","Added AnalysisShape and the first version of the combine instructions (more details coming soon…),  added mtw cut in AnalysisFR and better looking fake plots.",True,{}
piedraj/AnalysisCMS,https://github.com/piedraj/AnalysisCMS,114,2016-10-17T12:49:29Z,2016-10-17T12:53:27Z,2016-10-17T12:53:27Z,MERGED,True,2411,394,2,https://github.com/scodella,Adding proper weights for stop events,1,[],https://github.com/piedraj/AnalysisCMS/pull/114,https://github.com/scodella,1,https://github.com/piedraj/AnalysisCMS/pull/114,Still missing few mass points below 250 GeV,Still missing few mass points below 250 GeV,True,{}
piedraj/AnalysisCMS,https://github.com/piedraj/AnalysisCMS,115,2016-10-17T12:54:31Z,2016-10-17T12:55:56Z,2016-10-17T12:55:56Z,MERGED,True,1,1,1,https://github.com/scodella,Removing default baseW for latino trees,1,[],https://github.com/piedraj/AnalysisCMS/pull/115,https://github.com/scodella,1,https://github.com/piedraj/AnalysisCMS/pull/115,,,True,{}
piedraj/AnalysisCMS,https://github.com/piedraj/AnalysisCMS,116,2016-10-31T12:57:58Z,2016-11-07T13:49:47Z,2016-11-07T13:49:47Z,MERGED,True,7,7,4,https://github.com/NTrevisani,new ggZH and qqZH samples,2,[],https://github.com/piedraj/AnalysisCMS/pull/116,https://github.com/NTrevisani,1,https://github.com/piedraj/AnalysisCMS/pull/116,,,True,{}
piedraj/AnalysisCMS,https://github.com/piedraj/AnalysisCMS,117,2016-11-01T10:29:28Z,2016-11-07T14:28:14Z,2016-11-07T14:29:33Z,CLOSED,False,849,260,11,https://github.com/jgferrero,adding new variables to the minitree,18,[],https://github.com/piedraj/AnalysisCMS/pull/117,https://github.com/jgferrero,1,https://github.com/piedraj/AnalysisCMS/pull/117,,,True,{}
piedraj/AnalysisCMS,https://github.com/piedraj/AnalysisCMS,117,2016-11-01T10:29:28Z,2016-11-07T14:28:14Z,2016-11-07T14:29:33Z,CLOSED,False,849,260,11,https://github.com/jgferrero,adding new variables to the minitree,18,[],https://github.com/piedraj/AnalysisCMS/pull/117,https://github.com/piedraj,2,https://github.com/piedraj/AnalysisCMS/pull/117#issuecomment-258849661,,"Due to the fact that there were three pull requests submitted roughly at the same time, this one has conflicts once I have accepted the other two. Please update and resubmit... sorry for the inconvenience.",True,{}
piedraj/AnalysisCMS,https://github.com/piedraj/AnalysisCMS,118,2016-11-01T14:42:36Z,2016-11-07T13:59:00Z,2016-11-07T13:59:00Z,MERGED,True,255,58,6,https://github.com/scodella,protexion against DY warnings,15,[],https://github.com/piedraj/AnalysisCMS/pull/118,https://github.com/scodella,1,https://github.com/piedraj/AnalysisCMS/pull/118,,,True,{}
piedraj/AnalysisCMS,https://github.com/piedraj/AnalysisCMS,119,2016-11-08T10:26:11Z,2016-11-08T10:36:29Z,2016-11-08T10:36:29Z,MERGED,True,816,193,11,https://github.com/jgferrero,hoping today it was approved,20,[],https://github.com/piedraj/AnalysisCMS/pull/119,https://github.com/jgferrero,1,https://github.com/piedraj/AnalysisCMS/pull/119,,,True,{}
piedraj/AnalysisCMS,https://github.com/piedraj/AnalysisCMS,120,2016-11-08T10:52:00Z,2016-11-08T11:34:02Z,2016-11-08T11:34:28Z,CLOSED,False,340,228,10,https://github.com/cedricpri,Added new minitrees variables,14,[],https://github.com/piedraj/AnalysisCMS/pull/120,https://github.com/cedricpri,1,https://github.com/piedraj/AnalysisCMS/pull/120,"Pull request containing mainly two new variables (centrality and ST, as suggested by Rocio and Pablo).","Pull request containing mainly two new variables (centrality and ST, as suggested by Rocio and Pablo).",True,{}
piedraj/AnalysisCMS,https://github.com/piedraj/AnalysisCMS,120,2016-11-08T10:52:00Z,2016-11-08T11:34:02Z,2016-11-08T11:34:28Z,CLOSED,False,340,228,10,https://github.com/cedricpri,Added new minitrees variables,14,[],https://github.com/piedraj/AnalysisCMS/pull/120,https://github.com/piedraj,2,https://github.com/piedraj/AnalysisCMS/pull/120#issuecomment-259114162,"Pull request containing mainly two new variables (centrality and ST, as suggested by Rocio and Pablo).","Hi Cédric, it seems your pull request has come right after my updates. Can you please try again? Thanks.",True,{}
piedraj/AnalysisCMS,https://github.com/piedraj/AnalysisCMS,121,2016-11-09T18:13:15Z,2016-11-10T13:09:47Z,2016-11-10T13:09:47Z,MERGED,True,88,18,3,https://github.com/jgferrero,"function ""GetDark"" added ",2,[],https://github.com/piedraj/AnalysisCMS/pull/121,https://github.com/jgferrero,1,https://github.com/piedraj/AnalysisCMS/pull/121,,,True,{}
piedraj/AnalysisCMS,https://github.com/piedraj/AnalysisCMS,122,2016-11-15T11:43:06Z,2016-11-15T11:44:51Z,2016-11-15T11:44:51Z,MERGED,True,262,189,6,https://github.com/fmanteca,Added getTopScale,1,[],https://github.com/piedraj/AnalysisCMS/pull/122,https://github.com/fmanteca,1,https://github.com/piedraj/AnalysisCMS/pull/122,,,True,{}
piedraj/AnalysisCMS,https://github.com/piedraj/AnalysisCMS,123,2016-11-30T09:49:57Z,2016-12-01T09:29:09Z,2016-12-01T09:29:09Z,MERGED,True,736,62,7,https://github.com/jgferrero,some updates including side bands bkg estimation ,5,[],https://github.com/piedraj/AnalysisCMS/pull/123,https://github.com/jgferrero,1,https://github.com/piedraj/AnalysisCMS/pull/123,,,True,{}
piedraj/AnalysisCMS,https://github.com/piedraj/AnalysisCMS,124,2016-12-05T22:14:51Z,2016-12-06T14:23:36Z,2016-12-06T14:23:37Z,MERGED,True,630,67,9,https://github.com/juangferrero,creating histograms for shape-datacard,5,[],https://github.com/piedraj/AnalysisCMS/pull/124,https://github.com/juangferrero,1,https://github.com/piedraj/AnalysisCMS/pull/124,,,True,{}
piedraj/AnalysisCMS,https://github.com/piedraj/AnalysisCMS,124,2016-12-05T22:14:51Z,2016-12-06T14:23:36Z,2016-12-06T14:23:37Z,MERGED,True,630,67,9,https://github.com/juangferrero,creating histograms for shape-datacard,5,[],https://github.com/piedraj/AnalysisCMS/pull/124,https://github.com/juangferrero,2,https://github.com/piedraj/AnalysisCMS/pull/124#issuecomment-265130826,,sistematicos en forma de weights entran como branches 'eventW_this-systematic'  a los minitrees,True,{}
piedraj/AnalysisCMS,https://github.com/piedraj/AnalysisCMS,124,2016-12-05T22:14:51Z,2016-12-06T14:23:36Z,2016-12-06T14:23:37Z,MERGED,True,630,67,9,https://github.com/juangferrero,creating histograms for shape-datacard,5,[],https://github.com/piedraj/AnalysisCMS/pull/124,https://github.com/juangferrero,3,https://github.com/piedraj/AnalysisCMS/pull/124#issuecomment-265142676,,repro and systematic samples txt files added,True,{}
piedraj/AnalysisCMS,https://github.com/piedraj/AnalysisCMS,125,2016-12-06T19:10:00Z,2016-12-07T11:15:10Z,2016-12-07T11:15:11Z,MERGED,True,649,169,8,https://github.com/scodella,Adding razor + allow AnalysisStop to run on minitrees,4,[],https://github.com/piedraj/AnalysisCMS/pull/125,https://github.com/scodella,1,https://github.com/piedraj/AnalysisCMS/pull/125,,,True,{}
piedraj/AnalysisCMS,https://github.com/piedraj/AnalysisCMS,126,2016-12-07T11:41:32Z,2016-12-07T15:13:58Z,2016-12-07T15:13:58Z,MERGED,True,10,1,2,https://github.com/scodella,"adding sf_fastim to event_weight, and also defining up and down varia…",1,[],https://github.com/piedraj/AnalysisCMS/pull/126,https://github.com/scodella,1,https://github.com/piedraj/AnalysisCMS/pull/126,…btion,…btion,True,{}
piedraj/AnalysisCMS,https://github.com/piedraj/AnalysisCMS,127,2016-12-12T17:31:10Z,2016-12-13T08:22:52Z,2016-12-13T08:25:32Z,CLOSED,False,12,1,2,https://github.com/jgferrero,intended to transfer list_vectors_weights from latino to minitree,1,[],https://github.com/piedraj/AnalysisCMS/pull/127,https://github.com/jgferrero,1,https://github.com/piedraj/AnalysisCMS/pull/127,,,True,{}
piedraj/AnalysisCMS,https://github.com/piedraj/AnalysisCMS,127,2016-12-12T17:31:10Z,2016-12-13T08:22:52Z,2016-12-13T08:25:32Z,CLOSED,False,12,1,2,https://github.com/jgferrero,intended to transfer list_vectors_weights from latino to minitree,1,[],https://github.com/piedraj/AnalysisCMS/pull/127,https://github.com/piedraj,2,https://github.com/piedraj/AnalysisCMS/pull/127#issuecomment-266675978,,Fixed.,True,{}
piedraj/AnalysisCMS,https://github.com/piedraj/AnalysisCMS,128,2016-12-14T15:16:30Z,2016-12-14T18:32:05Z,2016-12-14T18:32:05Z,CLOSED,False,644,583,19,https://github.com/chazinb,Updated 14 Dic 2016,2,[],https://github.com/piedraj/AnalysisCMS/pull/128,https://github.com/chazinb,1,https://github.com/piedraj/AnalysisCMS/pull/128,"stop samples added + DY estimation cuts + 2 security lines* ( prevention from loose lepton rejection in AnalysisCMS.C )
When we use the line 572 in AnalysisCMS.C ( if (!std_vector_lepton_isLooseLepton->at(i)) continue;) on our object selection, it makes us to accept events with only one lepton. Solution:
a) if (! _analysis.EqualTo(""Stop"")){ if (!std_vector_lepton_isLooseLepton->at(i)) continue;}
b) Emphasis in AnalysisStop.C if ( ! _nlepton == 2) continue; // 2 and only 2 leptons","stop samples added + DY estimation cuts + 2 security lines* ( prevention from loose lepton rejection in AnalysisCMS.C )
When we use the line 572 in AnalysisCMS.C ( if (!std_vector_lepton_isLooseLepton->at(i)) continue;) on our object selection, it makes us to accept events with only one lepton. Solution:
a) if (! _analysis.EqualTo(""Stop"")){ if (!std_vector_lepton_isLooseLepton->at(i)) continue;}
b) Emphasis in AnalysisStop.C if ( ! _nlepton == 2) continue; // 2 and only 2 leptons",True,{}
piedraj/AnalysisCMS,https://github.com/piedraj/AnalysisCMS,128,2016-12-14T15:16:30Z,2016-12-14T18:32:05Z,2016-12-14T18:32:05Z,CLOSED,False,644,583,19,https://github.com/chazinb,Updated 14 Dic 2016,2,[],https://github.com/piedraj/AnalysisCMS/pull/128,https://github.com/piedraj,2,https://github.com/piedraj/AnalysisCMS/pull/128#issuecomment-267115947,"stop samples added + DY estimation cuts + 2 security lines* ( prevention from loose lepton rejection in AnalysisCMS.C )
When we use the line 572 in AnalysisCMS.C ( if (!std_vector_lepton_isLooseLepton->at(i)) continue;) on our object selection, it makes us to accept events with only one lepton. Solution:
a) if (! _analysis.EqualTo(""Stop"")){ if (!std_vector_lepton_isLooseLepton->at(i)) continue;}
b) Emphasis in AnalysisStop.C if ( ! _nlepton == 2) continue; // 2 and only 2 leptons",No puedo aceptar este pull request porque todos los ficheros samples.txt apuntan a las muestras antiguas. Las nuevas tienen todas corregida la electron isolation.,True,{}
piedraj/AnalysisCMS,https://github.com/piedraj/AnalysisCMS,129,2016-12-15T10:33:38Z,2016-12-15T11:13:28Z,2016-12-15T11:13:28Z,MERGED,True,204,40,9,https://github.com/chazinb,updated samples folder,4,[],https://github.com/piedraj/AnalysisCMS/pull/129,https://github.com/chazinb,1,https://github.com/piedraj/AnalysisCMS/pull/129,,,True,{}
piedraj/AnalysisCMS,https://github.com/piedraj/AnalysisCMS,130,2016-12-15T17:07:30Z,2016-12-16T11:37:58Z,2016-12-16T11:37:58Z,MERGED,True,14,9,3,https://github.com/chazinb,filename_suffix added in Setup,2,[],https://github.com/piedraj/AnalysisCMS/pull/130,https://github.com/chazinb,1,https://github.com/piedraj/AnalysisCMS/pull/130,"Due to the new function GetGenWeightsLHE() and the new name we want for our TFile created in (*) by Setup function, we need a suffix for the _sample string (**). This new parameter is initializated to """" in AnalysisCMS.h
(*) root_output = new TFile(prefix + ""rootfiles/"" + _systematic + ""/"" + _analysis + ""/"" + _isdatadriven + _sample +  _dataperiod + "".root"", ""recreate"");
(**)  root_output = new TFile(prefix + ""rootfiles/"" + _systematic + ""/"" + _analysis + ""/"" + _isdatadriven + _sample + filename_suffix + _dataperiod + "".root"", ""recreate"");","Due to the new function GetGenWeightsLHE() and the new name we want for our TFile created in (*) by Setup function, we need a suffix for the _sample string (**). This new parameter is initializated to """" in AnalysisCMS.h
(*) root_output = new TFile(prefix + ""rootfiles/"" + _systematic + ""/"" + _analysis + ""/"" + _isdatadriven + _sample +  _dataperiod + "".root"", ""recreate"");
(**)  root_output = new TFile(prefix + ""rootfiles/"" + _systematic + ""/"" + _analysis + ""/"" + _isdatadriven + _sample + filename_suffix + _dataperiod + "".root"", ""recreate"");",True,{}
piedraj/AnalysisCMS,https://github.com/piedraj/AnalysisCMS,131,2016-12-19T13:38:18Z,2016-12-19T14:49:49Z,2016-12-19T14:49:49Z,MERGED,True,99,68,5,https://github.com/scodella,Adding scripts for submitting jobs on minitrees + updating signal regions for Stop + reading event weight according to chosen systematic flag when running on minitrees,6,[],https://github.com/piedraj/AnalysisCMS/pull/131,https://github.com/scodella,1,https://github.com/piedraj/AnalysisCMS/pull/131,Adding scripts for submitting jobs on minitrees + updating signal regions for Stop + reading event weight according to chosen systematic flag when running on minitrees,Adding scripts for submitting jobs on minitrees + updating signal regions for Stop + reading event weight according to chosen systematic flag when running on minitrees,True,{}
piedraj/AnalysisCMS,https://github.com/piedraj/AnalysisCMS,132,2016-12-19T17:14:03Z,2016-12-21T10:49:11Z,2016-12-21T10:49:11Z,MERGED,True,6347,522,65,https://github.com/jgferrero,"some updates, in particular, th unc computed from minitrees",19,[],https://github.com/piedraj/AnalysisCMS/pull/132,https://github.com/jgferrero,1,https://github.com/piedraj/AnalysisCMS/pull/132,,,True,{}
piedraj/AnalysisCMS,https://github.com/piedraj/AnalysisCMS,132,2016-12-19T17:14:03Z,2016-12-21T10:49:11Z,2016-12-21T10:49:11Z,MERGED,True,6347,522,65,https://github.com/jgferrero,"some updates, in particular, th unc computed from minitrees",19,[],https://github.com/piedraj/AnalysisCMS/pull/132,https://github.com/jgferrero,2,https://github.com/piedraj/AnalysisCMS/pull/132#issuecomment-268045618,,ttreco added,True,{}
piedraj/AnalysisCMS,https://github.com/piedraj/AnalysisCMS,132,2016-12-19T17:14:03Z,2016-12-21T10:49:11Z,2016-12-21T10:49:11Z,MERGED,True,6347,522,65,https://github.com/jgferrero,"some updates, in particular, th unc computed from minitrees",19,[],https://github.com/piedraj/AnalysisCMS/pull/132,https://github.com/jgferrero,3,https://github.com/piedraj/AnalysisCMS/pull/132#issuecomment-268227465,,lower vs upper case discrepancy on the branches corresponding to CSV-medium-WP btagger at least,True,{}
piedraj/AnalysisCMS,https://github.com/piedraj/AnalysisCMS,132,2016-12-19T17:14:03Z,2016-12-21T10:49:11Z,2016-12-21T10:49:11Z,MERGED,True,6347,522,65,https://github.com/jgferrero,"some updates, in particular, th unc computed from minitrees",19,[],https://github.com/piedraj/AnalysisCMS/pull/132,https://github.com/jgferrero,4,https://github.com/piedraj/AnalysisCMS/pull/132#issuecomment-268237800,,"systematics 'topSel' samples are uncompleted (wrt 'nominal' samples file), so those not matching have been removed",True,{}
piedraj/AnalysisCMS,https://github.com/piedraj/AnalysisCMS,133,2017-01-13T13:13:14Z,2017-01-17T10:58:13Z,2017-01-17T10:58:13Z,MERGED,True,490,207,8,https://github.com/jgferrero,several common and particular additions,13,[],https://github.com/piedraj/AnalysisCMS/pull/133,https://github.com/jgferrero,1,https://github.com/piedraj/AnalysisCMS/pull/133,,,True,{}
piedraj/AnalysisCMS,https://github.com/piedraj/AnalysisCMS,133,2017-01-13T13:13:14Z,2017-01-17T10:58:13Z,2017-01-17T10:58:13Z,MERGED,True,490,207,8,https://github.com/jgferrero,several common and particular additions,13,[],https://github.com/piedraj/AnalysisCMS/pull/133,https://github.com/jgferrero,2,https://github.com/piedraj/AnalysisCMS/pull/133#issuecomment-272523459,,also MET-Gen to minitrees,True,{}
piedraj/AnalysisCMS,https://github.com/piedraj/AnalysisCMS,134,2017-01-15T19:01:02Z,2017-01-17T11:40:12Z,2017-01-17T11:40:12Z,MERGED,True,130,52,8,https://github.com/scodella,Added option to save only analysis histograms when running on minitrees + correct systematics weights for btag SFs on the flight ,2,[],https://github.com/piedraj/AnalysisCMS/pull/134,https://github.com/scodella,1,https://github.com/piedraj/AnalysisCMS/pull/134,,,True,{}
piedraj/AnalysisCMS,https://github.com/piedraj/AnalysisCMS,135,2017-01-18T12:14:27Z,2017-01-19T11:35:41Z,2017-01-19T11:35:41Z,MERGED,True,133,66,7,https://github.com/chazinb,met filters for Stop,7,[],https://github.com/piedraj/AnalysisCMS/pull/135,https://github.com/chazinb,1,https://github.com/piedraj/AnalysisCMS/pull/135,,,True,{}
piedraj/AnalysisCMS,https://github.com/piedraj/AnalysisCMS,136,2017-01-19T16:22:37Z,2017-01-19T16:48:08Z,2017-01-19T16:48:08Z,MERGED,True,47,19,4,https://github.com/scodella,Some change to be able to run jobs on ReReco data and Spring16 MC,6,[],https://github.com/piedraj/AnalysisCMS/pull/136,https://github.com/scodella,1,https://github.com/piedraj/AnalysisCMS/pull/136,,,True,{}
piedraj/AnalysisCMS,https://github.com/piedraj/AnalysisCMS,137,2017-01-20T10:38:22Z,2017-01-20T10:40:48Z,2017-01-20T10:40:48Z,MERGED,True,2,1,1,https://github.com/jgferrero,TTZ improved,1,[],https://github.com/piedraj/AnalysisCMS/pull/137,https://github.com/jgferrero,1,https://github.com/piedraj/AnalysisCMS/pull/137,,,True,{}
piedraj/AnalysisCMS,https://github.com/piedraj/AnalysisCMS,138,2017-01-20T10:53:58Z,2017-01-20T10:55:15Z,2017-01-20T10:55:15Z,MERGED,True,8,6,2,https://github.com/scodella,Some fixes,1,[],https://github.com/piedraj/AnalysisCMS/pull/138,https://github.com/scodella,1,https://github.com/piedraj/AnalysisCMS/pull/138,,,True,{}
piedraj/AnalysisCMS,https://github.com/piedraj/AnalysisCMS,139,2017-01-23T10:21:43Z,2017-01-23T11:25:14Z,2017-01-23T11:25:14Z,MERGED,True,10,1,4,https://github.com/jgferrero,minitrees with gen jets info,5,[],https://github.com/piedraj/AnalysisCMS/pull/139,https://github.com/jgferrero,1,https://github.com/piedraj/AnalysisCMS/pull/139,,,True,{}
piedraj/AnalysisCMS,https://github.com/piedraj/AnalysisCMS,140,2017-02-01T13:28:02Z,2017-02-01T14:18:07Z,2017-02-01T14:18:07Z,MERGED,True,186,11,4,https://github.com/scodella,Tools to allow AnalysisStop to save specific analysis histograms for each systematic at one time,2,[],https://github.com/piedraj/AnalysisCMS/pull/140,https://github.com/scodella,1,https://github.com/piedraj/AnalysisCMS/pull/140,"Running AnalysisCMS for each systematic to have all the systematic variations is tedious. For the systematics for which we compute a weight this can be avoided. I introduces a parameter in AnalysisStop, called SaveHistograms, to tell the code what histograms to fill and save. Its value can be:
0 - to make all the histograms specified in AnalysisCMS and  the analysis specific ones added in AnalysisStop (using the systematic flag passed by submit-jobs.sh)
1 - to make only the analysis specific histograms (using the systematic flag passed by submit-jobs.sh)
2 - to make the analysis specific histograms (using the systematic flag passed by submit-jobs.sh)  and a set of systematic histograms (in the present implementation just one, a subset of 1) for the other systematics for which we compute a weight.
When running on full latinos trees, SaveHistograms is set to 0 for ""nominal"" and to 1 for the other systematics. When running on minitrees, it can be set thorught the sample list.","Running AnalysisCMS for each systematic to have all the systematic variations is tedious. For the systematics for which we compute a weight this can be avoided. I introduces a parameter in AnalysisStop, called SaveHistograms, to tell the code what histograms to fill and save. Its value can be:
0 - to make all the histograms specified in AnalysisCMS and  the analysis specific ones added in AnalysisStop (using the systematic flag passed by submit-jobs.sh)
1 - to make only the analysis specific histograms (using the systematic flag passed by submit-jobs.sh)
2 - to make the analysis specific histograms (using the systematic flag passed by submit-jobs.sh)  and a set of systematic histograms (in the present implementation just one, a subset of 1) for the other systematics for which we compute a weight.
When running on full latinos trees, SaveHistograms is set to 0 for ""nominal"" and to 1 for the other systematics. When running on minitrees, it can be set thorught the sample list.",True,{}
piedraj/AnalysisCMS,https://github.com/piedraj/AnalysisCMS,141,2017-02-01T16:06:40Z,2017-02-02T16:30:23Z,2017-02-02T16:30:24Z,MERGED,True,532,383,10,https://github.com/jgferrero,including gen dark pt,5,[],https://github.com/piedraj/AnalysisCMS/pull/141,https://github.com/jgferrero,1,https://github.com/piedraj/AnalysisCMS/pull/141,,,True,{}
piedraj/AnalysisCMS,https://github.com/piedraj/AnalysisCMS,142,2017-02-01T16:13:50Z,2017-02-01T16:17:47Z,2017-02-01T16:17:47Z,MERGED,True,6,1,1,https://github.com/scodella,Protection against one event with metPfType1 = nan,1,[],https://github.com/piedraj/AnalysisCMS/pull/142,https://github.com/scodella,1,https://github.com/piedraj/AnalysisCMS/pull/142,"This event cause MT2 calculation to stuck (a part to generate several warning on DeltaPhi/R computation such as ""Error in TROOT::TVector2::Phi_mpi_pi: function called with NaN"")","This event cause MT2 calculation to stuck (a part to generate several warning on DeltaPhi/R computation such as ""Error in TROOT::TVector2::Phi_mpi_pi: function called with NaN"")",True,{}
piedraj/AnalysisCMS,https://github.com/piedraj/AnalysisCMS,143,2017-02-02T11:40:35Z,2017-02-02T16:39:12Z,2017-02-02T16:39:12Z,MERGED,True,475,0,8,https://github.com/scodella,Stop trees/minitrees file lists for ReReco/Spring16 analysis,2,[],https://github.com/piedraj/AnalysisCMS/pull/143,https://github.com/scodella,1,https://github.com/piedraj/AnalysisCMS/pull/143,,,True,{}
piedraj/AnalysisCMS,https://github.com/piedraj/AnalysisCMS,144,2017-02-03T10:50:55Z,2017-02-08T11:28:00Z,2017-02-08T11:28:00Z,CLOSED,False,466,165,7,https://github.com/jgferrero,entran los sistemáticos a los plots habituales,4,[],https://github.com/piedraj/AnalysisCMS/pull/144,https://github.com/jgferrero,1,https://github.com/piedraj/AnalysisCMS/pull/144,,,True,{}
piedraj/AnalysisCMS,https://github.com/piedraj/AnalysisCMS,144,2017-02-03T10:50:55Z,2017-02-08T11:28:00Z,2017-02-08T11:28:00Z,CLOSED,False,466,165,7,https://github.com/jgferrero,entran los sistemáticos a los plots habituales,4,[],https://github.com/piedraj/AnalysisCMS/pull/144,https://github.com/jgferrero,2,https://github.com/piedraj/AnalysisCMS/pull/144#issuecomment-278302546,,ultimos cambios en ''ttdm'',True,{}
piedraj/AnalysisCMS,https://github.com/piedraj/AnalysisCMS,145,2017-02-08T11:28:29Z,2017-02-17T11:33:19Z,2017-02-17T11:33:19Z,MERGED,True,481,169,7,https://github.com/jgferrero,ultimos cambios en ''ttdm'',5,[],https://github.com/piedraj/AnalysisCMS/pull/145,https://github.com/jgferrero,1,https://github.com/piedraj/AnalysisCMS/pull/145,,,True,{}
piedraj/AnalysisCMS,https://github.com/piedraj/AnalysisCMS,146,2017-02-15T10:24:02Z,2017-02-15T10:26:32Z,2017-02-15T10:26:32Z,CLOSED,False,211,0,7,https://github.com/chazinb,instructions,4,[],https://github.com/piedraj/AnalysisCMS/pull/146,https://github.com/chazinb,1,https://github.com/piedraj/AnalysisCMS/pull/146,,,True,{}
piedraj/AnalysisCMS,https://github.com/piedraj/AnalysisCMS,147,2017-02-21T10:19:36Z,2017-02-21T11:19:36Z,2017-02-21T11:19:36Z,MERGED,True,384,40,8,https://github.com/scodella,Some stuff for stop,5,[],https://github.com/piedraj/AnalysisCMS/pull/147,https://github.com/scodella,1,https://github.com/piedraj/AnalysisCMS/pull/147,"fix for identification of non-W leptons + analysis histos for fake and truth leptons


b-tag for 03Feb2017 data


adding sample list for new lepton selection and ReMiniAOD Run2016B","fix for identification of non-W leptons + analysis histos for fake and truth leptons


b-tag for 03Feb2017 data


adding sample list for new lepton selection and ReMiniAOD Run2016B",True,{}
piedraj/AnalysisCMS,https://github.com/piedraj/AnalysisCMS,148,2017-02-21T14:36:08Z,2017-02-22T09:53:26Z,2017-02-22T09:53:26Z,MERGED,True,54,1,2,https://github.com/scodella,Implementing Moriond17 MET filter recommendtions,2,[],https://github.com/piedraj/AnalysisCMS/pull/148,https://github.com/scodella,1,https://github.com/piedraj/AnalysisCMS/pull/148,,,True,{}
piedraj/AnalysisCMS,https://github.com/piedraj/AnalysisCMS,149,2017-02-22T15:21:59Z,2017-02-22T15:57:40Z,2017-02-22T15:57:40Z,MERGED,True,68,0,3,https://github.com/scodella,Minitrees list for Feb2017 with Ghent leptons,1,[],https://github.com/piedraj/AnalysisCMS/pull/149,https://github.com/scodella,1,https://github.com/piedraj/AnalysisCMS/pull/149,,,True,{}
piedraj/AnalysisCMS,https://github.com/piedraj/AnalysisCMS,150,2017-02-23T11:06:44Z,2017-02-23T11:08:01Z,2017-02-23T11:08:01Z,MERGED,True,81,6,5,https://github.com/scodella,More stop minitrees + updated luminosities,3,[],https://github.com/piedraj/AnalysisCMS/pull/150,https://github.com/scodella,1,https://github.com/piedraj/AnalysisCMS/pull/150,,,True,{}
piedraj/AnalysisCMS,https://github.com/piedraj/AnalysisCMS,151,2017-02-23T12:29:10Z,2017-02-23T17:13:11Z,2017-02-23T17:13:11Z,MERGED,True,3872,412,64,https://github.com/chazinb,combine scripts + instructions added,27,[],https://github.com/piedraj/AnalysisCMS/pull/151,https://github.com/chazinb,1,https://github.com/piedraj/AnalysisCMS/pull/151,,,True,{}
piedraj/AnalysisCMS,https://github.com/piedraj/AnalysisCMS,152,2017-02-23T16:38:27Z,2017-02-23T17:25:07Z,2017-02-23T17:25:08Z,MERGED,True,3,1,2,https://github.com/scodella,fix two bugs,1,[],https://github.com/piedraj/AnalysisCMS/pull/152,https://github.com/scodella,1,https://github.com/piedraj/AnalysisCMS/pull/152,,,True,{}
piedraj/AnalysisCMS,https://github.com/piedraj/AnalysisCMS,153,2017-03-07T14:55:07Z,2017-03-07T16:43:34Z,2017-03-07T16:43:34Z,MERGED,True,2,2,2,https://github.com/scodella,fix bug on third lepton veto + update MET filter recommendations,2,[],https://github.com/piedraj/AnalysisCMS/pull/153,https://github.com/scodella,1,https://github.com/piedraj/AnalysisCMS/pull/153,"!_nlepton==2 is not the same as _nlepton!=2


Now MET recommends to apply the ""ICHEP additional"" filters: https://twiki.cern.ch/twiki/bin/view/CMS/MissingETOptionalFiltersRun2#Moriond_2017","!_nlepton==2 is not the same as _nlepton!=2


Now MET recommends to apply the ""ICHEP additional"" filters: https://twiki.cern.ch/twiki/bin/view/CMS/MissingETOptionalFiltersRun2#Moriond_2017",True,{}
piedraj/AnalysisCMS,https://github.com/piedraj/AnalysisCMS,154,2017-03-12T18:09:23Z,2017-03-13T11:11:22Z,2017-03-13T11:11:22Z,MERGED,True,413,63,11,https://github.com/scodella,Various things to run on reminiaod and summer16,6,[],https://github.com/piedraj/AnalysisCMS/pull/154,https://github.com/scodella,1,https://github.com/piedraj/AnalysisCMS/pull/154,,,True,{}
piedraj/AnalysisCMS,https://github.com/piedraj/AnalysisCMS,155,2017-03-17T12:57:15Z,2017-03-17T16:22:15Z,2017-03-17T16:22:15Z,MERGED,True,91,43,7,https://github.com/jgferrero,'varios' short and important/ 'march update': unimportant,2,[],https://github.com/piedraj/AnalysisCMS/pull/155,https://github.com/jgferrero,1,https://github.com/piedraj/AnalysisCMS/pull/155,,,True,{}
piedraj/AnalysisCMS,https://github.com/piedraj/AnalysisCMS,158,2017-03-20T11:55:57Z,2017-03-20T13:55:34Z,2017-03-20T13:55:34Z,MERGED,True,123,0,2,https://github.com/jgferrero,nuevas muestras,3,[],https://github.com/piedraj/AnalysisCMS/pull/158,https://github.com/jgferrero,1,https://github.com/piedraj/AnalysisCMS/pull/158,,,True,{}
piedraj/AnalysisCMS,https://github.com/piedraj/AnalysisCMS,161,2017-03-21T11:55:49Z,2017-03-21T12:02:12Z,2017-03-21T12:02:12Z,MERGED,True,224,77,7,https://github.com/scodella,Various,6,[],https://github.com/piedraj/AnalysisCMS/pull/161,https://github.com/scodella,1,https://github.com/piedraj/AnalysisCMS/pull/161,,,True,{}
piedraj/AnalysisCMS,https://github.com/piedraj/AnalysisCMS,162,2017-03-21T16:38:32Z,2017-03-22T09:57:33Z,2017-03-22T09:57:33Z,MERGED,True,245,10,8,https://github.com/jgferrero,for MET Scale & Resolution,4,[],https://github.com/piedraj/AnalysisCMS/pull/162,https://github.com/jgferrero,1,https://github.com/piedraj/AnalysisCMS/pull/162,,,True,{}
piedraj/AnalysisCMS,https://github.com/piedraj/AnalysisCMS,162,2017-03-21T16:38:32Z,2017-03-22T09:57:33Z,2017-03-22T09:57:33Z,MERGED,True,245,10,8,https://github.com/jgferrero,for MET Scale & Resolution,4,[],https://github.com/piedraj/AnalysisCMS/pull/162,https://github.com/jgferrero,2,https://github.com/piedraj/AnalysisCMS/pull/162#issuecomment-288332911,,function GetScaleAndResolution included,True,{}
piedraj/AnalysisCMS,https://github.com/piedraj/AnalysisCMS,162,2017-03-21T16:38:32Z,2017-03-22T09:57:33Z,2017-03-22T09:57:33Z,MERGED,True,245,10,8,https://github.com/jgferrero,for MET Scale & Resolution,4,[],https://github.com/piedraj/AnalysisCMS/pull/162,https://github.com/jgferrero,3,https://github.com/piedraj/AnalysisCMS/pull/162#issuecomment-288342474,,txt files with samples used for MET Performance sub-group,True,{}
piedraj/AnalysisCMS,https://github.com/piedraj/AnalysisCMS,162,2017-03-21T16:38:32Z,2017-03-22T09:57:33Z,2017-03-22T09:57:33Z,MERGED,True,245,10,8,https://github.com/jgferrero,for MET Scale & Resolution,4,[],https://github.com/piedraj/AnalysisCMS/pull/162,https://github.com/jgferrero,4,https://github.com/piedraj/AnalysisCMS/pull/162#issuecomment-288346616,,some typos fixed in new data sample txt-file,True,{}
piedraj/AnalysisCMS,https://github.com/piedraj/AnalysisCMS,163,2017-03-22T09:46:09Z,2017-03-22T09:55:26Z,2017-03-22T09:55:27Z,MERGED,True,358,0,10,https://github.com/scodella,Stop sample lists in lxplus,2,[],https://github.com/piedraj/AnalysisCMS/pull/163,https://github.com/scodella,1,https://github.com/piedraj/AnalysisCMS/pull/163,,,True,{}
piedraj/AnalysisCMS,https://github.com/piedraj/AnalysisCMS,164,2017-03-22T10:06:49Z,2017-03-22T10:36:27Z,2017-03-22T10:36:27Z,MERGED,True,4,0,2,https://github.com/jgferrero,nGoodVtx added,1,[],https://github.com/piedraj/AnalysisCMS/pull/164,https://github.com/jgferrero,1,https://github.com/piedraj/AnalysisCMS/pull/164,,,True,{}
piedraj/AnalysisCMS,https://github.com/piedraj/AnalysisCMS,165,2017-03-22T15:50:27Z,2017-03-22T15:51:18Z,2017-03-22T15:51:54Z,CLOSED,False,62,41,6,https://github.com/jgferrero,all data in txt files,3,[],https://github.com/piedraj/AnalysisCMS/pull/165,https://github.com/jgferrero,1,https://github.com/piedraj/AnalysisCMS/pull/165,,,True,{}
piedraj/AnalysisCMS,https://github.com/piedraj/AnalysisCMS,165,2017-03-22T15:50:27Z,2017-03-22T15:51:18Z,2017-03-22T15:51:54Z,CLOSED,False,62,41,6,https://github.com/jgferrero,all data in txt files,3,[],https://github.com/piedraj/AnalysisCMS/pull/165,https://github.com/piedraj,2,https://github.com/piedraj/AnalysisCMS/pull/165#issuecomment-288444358,,"Juan, can you update the names of the samples.txt files?",True,{}
piedraj/AnalysisCMS,https://github.com/piedraj/AnalysisCMS,166,2017-03-22T16:04:01Z,2017-03-22T16:12:28Z,2017-03-22T16:12:28Z,MERGED,True,62,41,6,https://github.com/jgferrero,ahora?,4,[],https://github.com/piedraj/AnalysisCMS/pull/166,https://github.com/jgferrero,1,https://github.com/piedraj/AnalysisCMS/pull/166,,,True,{}
piedraj/AnalysisCMS,https://github.com/piedraj/AnalysisCMS,167,2017-03-28T09:03:46Z,2017-03-28T09:07:34Z,2017-03-28T09:07:34Z,CLOSED,False,5132,211,24,https://github.com/chazinb,28 march update,13,[],https://github.com/piedraj/AnalysisCMS/pull/167,https://github.com/chazinb,1,https://github.com/piedraj/AnalysisCMS/pull/167,,,True,{}
piedraj/AnalysisCMS,https://github.com/piedraj/AnalysisCMS,168,2017-03-28T09:27:34Z,2017-03-28T11:03:52Z,2017-03-28T11:03:52Z,CLOSED,False,7625,292,65,https://github.com/chazinb,28 march 2017 Update :) ,19,[],https://github.com/piedraj/AnalysisCMS/pull/168,https://github.com/chazinb,1,https://github.com/piedraj/AnalysisCMS/pull/168,,,True,{}
piedraj/AnalysisCMS,https://github.com/piedraj/AnalysisCMS,169,2017-03-28T12:52:04Z,2017-03-28T15:18:24Z,2017-03-28T15:18:24Z,MERGED,True,5609,246,54,https://github.com/chazinb,Total update -> fixed: some files removed and minor compatibility changes,20,[],https://github.com/piedraj/AnalysisCMS/pull/169,https://github.com/chazinb,1,https://github.com/piedraj/AnalysisCMS/pull/169,,,True,{}
piedraj/AnalysisCMS,https://github.com/piedraj/AnalysisCMS,170,2017-03-28T16:48:51Z,2017-03-28T16:50:57Z,2017-03-28T16:50:57Z,MERGED,True,50,3,5,https://github.com/scodella,Synchronize + adding info for mt2ll gen,5,[],https://github.com/piedraj/AnalysisCMS/pull/170,https://github.com/scodella,1,https://github.com/piedraj/AnalysisCMS/pull/170,,,True,{}
piedraj/AnalysisCMS,https://github.com/piedraj/AnalysisCMS,171,2017-03-29T16:03:11Z,2017-03-29T16:08:24Z,2017-03-29T16:08:24Z,MERGED,True,286,4,5,https://github.com/scodella,Some fix + uploading stop specific runPlotter,5,[],https://github.com/piedraj/AnalysisCMS/pull/171,https://github.com/scodella,1,https://github.com/piedraj/AnalysisCMS/pull/171,,,True,{}
piedraj/AnalysisCMS,https://github.com/piedraj/AnalysisCMS,172,2017-03-29T17:08:31Z,2017-03-29T17:09:51Z,2017-03-29T17:09:51Z,MERGED,True,5,1,2,https://github.com/scodella,More fixes,2,[],https://github.com/piedraj/AnalysisCMS/pull/172,https://github.com/scodella,1,https://github.com/piedraj/AnalysisCMS/pull/172,Please try to compile your code before committing it!,Please try to compile your code before committing it!,True,{}
piedraj/AnalysisCMS,https://github.com/piedraj/AnalysisCMS,173,2017-03-30T08:53:53Z,2017-03-30T09:15:03Z,2017-03-30T09:15:03Z,MERGED,True,12,6,1,https://github.com/scodella,Lepton SFs in stop post-processing have different names than in latino standard post-processing,2,[],https://github.com/piedraj/AnalysisCMS/pull/173,https://github.com/scodella,1,https://github.com/piedraj/AnalysisCMS/pull/173,,,True,{}
piedraj/AnalysisCMS,https://github.com/piedraj/AnalysisCMS,174,2017-04-04T10:24:23Z,2017-04-04T10:32:08Z,2017-04-04T10:54:41Z,CLOSED,False,108,48,8,https://github.com/chazinb,4 April 2017,1,[],https://github.com/piedraj/AnalysisCMS/pull/174,https://github.com/chazinb,1,https://github.com/piedraj/AnalysisCMS/pull/174,,,True,{}
piedraj/AnalysisCMS,https://github.com/piedraj/AnalysisCMS,174,2017-04-04T10:24:23Z,2017-04-04T10:32:08Z,2017-04-04T10:54:41Z,CLOSED,False,108,48,8,https://github.com/chazinb,4 April 2017,1,[],https://github.com/piedraj/AnalysisCMS/pull/174,https://github.com/piedraj,2,https://github.com/piedraj/AnalysisCMS/pull/174#issuecomment-291460393,,"No entiendo los cambios en check-jobs.sh
Has borrado test/.htaccess",True,{}
piedraj/AnalysisCMS,https://github.com/piedraj/AnalysisCMS,174,2017-04-04T10:24:23Z,2017-04-04T10:32:08Z,2017-04-04T10:54:41Z,CLOSED,False,108,48,8,https://github.com/chazinb,4 April 2017,1,[],https://github.com/piedraj/AnalysisCMS/pull/174,https://github.com/chazinb,3,https://github.com/piedraj/AnalysisCMS/pull/174#issuecomment-291465506,,"* el cambio en check-jobs.sh simplemente imprime el filename del job
que ha fallado en la opción 0. En el futuro, estaría bien imprimir
también el mensaje de error. También está comentado el rm -rf $fn de la
opción 1, esto es de ayer, no es un cambio en realidad.

  * He borrado test/.htaccess porque no sé para qué sirve ¿?


El 04/04/17 a las 12:32, piedraj escribió:
…

   * No entiendo los cambios en check-jobs.sh
   * Has borrado test/.htaccess

 —
 You are receiving this because you authored the thread.
 Reply to this email directly, view it on GitHub
 <#174 (comment)>,
 or mute the thread
 <https://github.com/notifications/unsubscribe-auth/ANicJqEYKhVPZ5mUkx6bxH7QMqe6J5dfks5rshwpgaJpZM4MyqVe>.",True,{}
piedraj/AnalysisCMS,https://github.com/piedraj/AnalysisCMS,175,2017-04-04T11:43:20Z,2017-04-04T12:17:50Z,2017-04-04T12:17:50Z,MERGED,True,2942,48,10,https://github.com/jgferrero,MET Sale and Resolution (MSR) adapted to 'latino' n-tuples,2,[],https://github.com/piedraj/AnalysisCMS/pull/175,https://github.com/jgferrero,1,https://github.com/piedraj/AnalysisCMS/pull/175,,,True,{}
piedraj/AnalysisCMS,https://github.com/piedraj/AnalysisCMS,176,2017-04-05T11:51:16Z,2017-04-05T13:50:32Z,2017-04-05T13:50:32Z,MERGED,True,111,40,7,https://github.com/chazinb,Done request !,4,[],https://github.com/piedraj/AnalysisCMS/pull/176,https://github.com/chazinb,1,https://github.com/piedraj/AnalysisCMS/pull/176,,,True,{}
piedraj/AnalysisCMS,https://github.com/piedraj/AnalysisCMS,177,2017-04-11T11:51:37Z,2017-04-12T09:13:31Z,2017-04-12T09:13:31Z,MERGED,True,479,325,27,https://github.com/cedricpri,Updated fake analysis for 36fb-1,71,[],https://github.com/piedraj/AnalysisCMS/pull/177,https://github.com/cedricpri,1,https://github.com/piedraj/AnalysisCMS/pull/177,,,True,{}
piedraj/AnalysisCMS,https://github.com/piedraj/AnalysisCMS,178,2017-04-20T15:44:11Z,2017-04-25T12:04:48Z,2017-04-25T12:04:48Z,MERGED,True,15,10,3,https://github.com/chazinb,A flag is needed !!,2,[],https://github.com/piedraj/AnalysisCMS/pull/178,https://github.com/chazinb,1,https://github.com/piedraj/AnalysisCMS/pull/178,"These lines can make troubles
https://github.com/chazinb/AnalysisCMS/blob/master/src/AnalysisCMS.C#L494-L496
Please put any warning. I give a suggestion of presentation :)","These lines can make troubles
https://github.com/chazinb/AnalysisCMS/blob/master/src/AnalysisCMS.C#L494-L496
Please put any warning. I give a suggestion of presentation :)",True,{}
piedraj/AnalysisCMS,https://github.com/piedraj/AnalysisCMS,179,2017-04-23T14:36:41Z,2017-04-25T12:11:22Z,2017-04-25T12:11:22Z,MERGED,True,720,50,7,https://github.com/scodella,Stuff for various sytematics,10,[],https://github.com/piedraj/AnalysisCMS/pull/179,https://github.com/scodella,1,https://github.com/piedraj/AnalysisCMS/pull/179,,,True,{}
piedraj/AnalysisCMS,https://github.com/piedraj/AnalysisCMS,180,2017-04-25T10:01:21Z,2017-04-25T12:21:26Z,2017-04-25T12:22:17Z,CLOSED,False,281,154,7,https://github.com/jgferrero,ttdm updates,4,[],https://github.com/piedraj/AnalysisCMS/pull/180,https://github.com/jgferrero,1,https://github.com/piedraj/AnalysisCMS/pull/180,,,True,{}
piedraj/AnalysisCMS,https://github.com/piedraj/AnalysisCMS,180,2017-04-25T10:01:21Z,2017-04-25T12:21:26Z,2017-04-25T12:22:17Z,CLOSED,False,281,154,7,https://github.com/jgferrero,ttdm updates,4,[],https://github.com/piedraj/AnalysisCMS/pull/180,https://github.com/piedraj,2,https://github.com/piedraj/AnalysisCMS/pull/180#issuecomment-297012863,,"Los cambios propuestos presentan conflictos en ttdm/CreateHistograms.C. Por ejemplo,
+<<<<<<< HEAD

TFile* myfile;

myfile = new TFile( ""/afs/cern.ch/work/j/jgarciaf/public/ttdm-april/"" + processID[process] + "".root"", ""read"" );
//myfile = new TFile( ""../minitrees/"" + inputdir + ""/"" + processID[process] + "".root"", ""read"" );
+=======
//TFile* myfile = new TFile( ""../minitrees/"" + inputdir + ""/"" + processID[process] + "".root"", ""read"" );
TFile* myfile = new TFile( inputdir + processID[process] + "".root"", ""read"" );
+>>>>>>> 72d163f",True,{}
piedraj/AnalysisCMS,https://github.com/piedraj/AnalysisCMS,181,2017-05-02T15:18:44Z,2017-05-02T15:23:58Z,2017-05-02T15:23:58Z,MERGED,True,1518,76,10,https://github.com/scodella,Updating ISR stuff for stop,3,[],https://github.com/piedraj/AnalysisCMS/pull/181,https://github.com/scodella,1,https://github.com/piedraj/AnalysisCMS/pull/181,,,True,{}
piedraj/AnalysisCMS,https://github.com/piedraj/AnalysisCMS,182,2017-05-02T15:27:33Z,2017-05-02T15:31:10Z,2017-05-02T15:31:26Z,CLOSED,False,2,1,1,https://github.com/scodella,protection for new isFRomISR variable,1,[],https://github.com/piedraj/AnalysisCMS/pull/182,https://github.com/scodella,1,https://github.com/piedraj/AnalysisCMS/pull/182,,,True,{}
piedraj/AnalysisCMS,https://github.com/piedraj/AnalysisCMS,182,2017-05-02T15:27:33Z,2017-05-02T15:31:10Z,2017-05-02T15:31:26Z,CLOSED,False,2,1,1,https://github.com/scodella,protection for new isFRomISR variable,1,[],https://github.com/piedraj/AnalysisCMS/pull/182,https://github.com/piedraj,2,https://github.com/piedraj/AnalysisCMS/pull/182#issuecomment-298670744,,Already protected :),True,{}
piedraj/AnalysisCMS,https://github.com/piedraj/AnalysisCMS,183,2017-05-05T14:09:43Z,2017-05-11T10:20:53Z,2017-05-11T10:20:54Z,CLOSED,False,133,25,4,https://github.com/chazinb,First try with the new stop plot,3,[],https://github.com/piedraj/AnalysisCMS/pull/183,https://github.com/chazinb,1,https://github.com/piedraj/AnalysisCMS/pull/183,,,True,{}
piedraj/AnalysisCMS,https://github.com/piedraj/AnalysisCMS,183,2017-05-05T14:09:43Z,2017-05-11T10:20:53Z,2017-05-11T10:20:54Z,CLOSED,False,133,25,4,https://github.com/chazinb,First try with the new stop plot,3,[],https://github.com/piedraj/AnalysisCMS/pull/183,https://github.com/piedraj,2,https://github.com/piedraj/AnalysisCMS/pull/183#issuecomment-300747912,,I have prepared HistogramReader.C for the new significance histograms by Barbara,True,{}
piedraj/AnalysisCMS,https://github.com/piedraj/AnalysisCMS,184,2017-05-11T08:09:47Z,2017-05-11T09:41:43Z,2017-05-11T09:41:43Z,MERGED,True,936,230,27,https://github.com/jgferrero,large update,18,[],https://github.com/piedraj/AnalysisCMS/pull/184,https://github.com/jgferrero,1,https://github.com/piedraj/AnalysisCMS/pull/184,,,True,{}
piedraj/AnalysisCMS,https://github.com/piedraj/AnalysisCMS,185,2017-05-11T14:23:40Z,2017-05-23T10:00:08Z,2017-05-23T10:00:08Z,MERGED,True,406,271,17,https://github.com/jgferrero,systematics to plots,8,[],https://github.com/piedraj/AnalysisCMS/pull/185,https://github.com/jgferrero,1,https://github.com/piedraj/AnalysisCMS/pull/185,,,True,{}
piedraj/AnalysisCMS,https://github.com/piedraj/AnalysisCMS,185,2017-05-11T14:23:40Z,2017-05-23T10:00:08Z,2017-05-23T10:00:08Z,MERGED,True,406,271,17,https://github.com/jgferrero,systematics to plots,8,[],https://github.com/piedraj/AnalysisCMS/pull/185,https://github.com/jgferrero,2,https://github.com/piedraj/AnalysisCMS/pull/185#issuecomment-301415078,,saving minitrees in a bigger store,True,{}
piedraj/AnalysisCMS,https://github.com/piedraj/AnalysisCMS,186,2017-05-30T17:21:35Z,2017-05-31T14:05:41Z,2017-05-31T14:05:41Z,MERGED,True,314,259,9,https://github.com/jgferrero,extracting info to analyze the fakes double-counting issue,4,[],https://github.com/piedraj/AnalysisCMS/pull/186,https://github.com/jgferrero,1,https://github.com/piedraj/AnalysisCMS/pull/186,,,True,{}
piedraj/AnalysisCMS,https://github.com/piedraj/AnalysisCMS,187,2017-05-31T15:42:26Z,2017-05-31T16:38:11Z,2017-05-31T16:38:12Z,MERGED,True,143,0,3,https://github.com/jgferrero,topSel ttDM,1,[],https://github.com/piedraj/AnalysisCMS/pull/187,https://github.com/jgferrero,1,https://github.com/piedraj/AnalysisCMS/pull/187,,,True,{}
piedraj/AnalysisCMS,https://github.com/piedraj/AnalysisCMS,188,2017-06-06T16:09:24Z,2017-06-07T08:30:36Z,2017-06-07T08:30:36Z,MERGED,True,908,175,27,https://github.com/jgferrero,leptonGen_isPrompt && leptonGen_isDirectPromptTauDecayProduct,9,[],https://github.com/piedraj/AnalysisCMS/pull/188,https://github.com/jgferrero,1,https://github.com/piedraj/AnalysisCMS/pull/188,,,True,{}
piedraj/AnalysisCMS,https://github.com/piedraj/AnalysisCMS,189,2017-06-07T10:18:32Z,2017-06-07T10:37:22Z,2017-06-07T10:37:22Z,MERGED,True,80,20,5,https://github.com/jgferrero,true GEN lepton is retrieved,3,[],https://github.com/piedraj/AnalysisCMS/pull/189,https://github.com/jgferrero,1,https://github.com/piedraj/AnalysisCMS/pull/189,,,True,{}
piedraj/AnalysisCMS,https://github.com/piedraj/AnalysisCMS,190,2017-06-13T17:07:47Z,2017-06-14T08:59:11Z,2017-06-14T08:59:11Z,MERGED,True,200,63,9,https://github.com/jgferrero,Axis label offset + dark pt GEN vs RECO + regular updates,4,[],https://github.com/piedraj/AnalysisCMS/pull/190,https://github.com/jgferrero,1,https://github.com/piedraj/AnalysisCMS/pull/190,,,True,{}
piedraj/AnalysisCMS,https://github.com/piedraj/AnalysisCMS,191,2017-06-14T10:46:20Z,2017-06-14T12:47:32Z,2017-06-14T12:47:32Z,MERGED,True,68,65,5,https://github.com/jgferrero,adjusting TTDM to last global changes,5,[],https://github.com/piedraj/AnalysisCMS/pull/191,https://github.com/jgferrero,1,https://github.com/piedraj/AnalysisCMS/pull/191,,,True,{}
piedraj/AnalysisCMS,https://github.com/piedraj/AnalysisCMS,192,2017-06-14T17:46:03Z,2017-06-14T20:42:05Z,2017-06-14T20:42:05Z,MERGED,True,259,344,4,https://github.com/jgferrero,TTDM code optimization,1,[],https://github.com/piedraj/AnalysisCMS/pull/192,https://github.com/jgferrero,1,https://github.com/piedraj/AnalysisCMS/pull/192,,,True,{}
piedraj/AnalysisCMS,https://github.com/piedraj/AnalysisCMS,193,2017-06-15T18:23:12Z,2017-06-15T19:23:22Z,2017-06-15T19:23:22Z,MERGED,True,218,34,6,https://github.com/jgferrero,systematics for ANN distributions,1,[],https://github.com/piedraj/AnalysisCMS/pull/193,https://github.com/jgferrero,1,https://github.com/piedraj/AnalysisCMS/pull/193,,,True,{}
piedraj/AnalysisCMS,https://github.com/piedraj/AnalysisCMS,194,2017-06-27T11:35:05Z,2017-06-28T10:09:38Z,2017-06-28T10:09:38Z,MERGED,True,276,122,28,https://github.com/cedricpri,"Updated TTDM, FR and PR analysis",27,[],https://github.com/piedraj/AnalysisCMS/pull/194,https://github.com/cedricpri,1,https://github.com/piedraj/AnalysisCMS/pull/194,,,True,{}
piedraj/AnalysisCMS,https://github.com/piedraj/AnalysisCMS,195,2017-06-30T09:44:41Z,2017-07-03T14:31:46Z,2017-07-03T14:31:46Z,MERGED,True,64,5,4,https://github.com/cedricpri,AnalysisBase updated for the fake rate calculation,6,[],https://github.com/piedraj/AnalysisCMS/pull/195,https://github.com/cedricpri,1,https://github.com/piedraj/AnalysisCMS/pull/195,All the 6 different working points have now been included in AnalysisBase.,All the 6 different working points have now been included in AnalysisBase.,True,{}
piedraj/AnalysisCMS,https://github.com/piedraj/AnalysisCMS,196,2017-07-04T08:15:22Z,2017-07-04T08:19:08Z,2017-07-04T08:19:08Z,MERGED,True,108,96,7,https://github.com/jgferrero,just ttDM affected,4,[],https://github.com/piedraj/AnalysisCMS/pull/196,https://github.com/jgferrero,1,https://github.com/piedraj/AnalysisCMS/pull/196,,,True,{}
piedraj/AnalysisCMS,https://github.com/piedraj/AnalysisCMS,197,2017-07-06T14:01:58Z,2017-07-07T13:37:37Z,2017-07-07T13:37:37Z,MERGED,True,52,19,1,https://github.com/jgferrero,adding syst to plots: gross mistake + medium-level modifications,5,[],https://github.com/piedraj/AnalysisCMS/pull/197,https://github.com/jgferrero,1,https://github.com/piedraj/AnalysisCMS/pull/197,,,True,{}
piedraj/AnalysisCMS,https://github.com/piedraj/AnalysisCMS,198,2017-07-10T10:36:58Z,2017-07-10T10:50:55Z,2017-07-10T10:50:55Z,MERGED,True,24,12,9,https://github.com/jgferrero,minor additions to systematics samples txt files,10,[],https://github.com/piedraj/AnalysisCMS/pull/198,https://github.com/jgferrero,1,https://github.com/piedraj/AnalysisCMS/pull/198,,,True,{}
piedraj/AnalysisCMS,https://github.com/piedraj/AnalysisCMS,200,2017-07-31T09:36:46Z,2017-07-31T09:47:31Z,2017-07-31T09:47:32Z,MERGED,True,316,321,7,https://github.com/jgferrero,Update samples_ttdm_l2tight_summer16_LepElepTCutdo_topSel.txt,4,[],https://github.com/piedraj/AnalysisCMS/pull/200,https://github.com/jgferrero,1,https://github.com/piedraj/AnalysisCMS/pull/200,,,True,{}
piedraj/AnalysisCMS,https://github.com/piedraj/AnalysisCMS,200,2017-07-31T09:36:46Z,2017-07-31T09:47:31Z,2017-07-31T09:47:32Z,MERGED,True,316,321,7,https://github.com/jgferrero,Update samples_ttdm_l2tight_summer16_LepElepTCutdo_topSel.txt,4,[],https://github.com/piedraj/AnalysisCMS/pull/200,https://github.com/jgferrero,2,https://github.com/piedraj/AnalysisCMS/pull/200#issuecomment-319017968,,minor,True,{}
piedraj/AnalysisCMS,https://github.com/piedraj/AnalysisCMS,200,2017-07-31T09:36:46Z,2017-07-31T09:47:31Z,2017-07-31T09:47:32Z,MERGED,True,316,321,7,https://github.com/jgferrero,Update samples_ttdm_l2tight_summer16_LepElepTCutdo_topSel.txt,4,[],https://github.com/piedraj/AnalysisCMS/pull/200,https://github.com/jgferrero,3,https://github.com/piedraj/AnalysisCMS/pull/200#issuecomment-319018433,,exclusively ttDM code modified,True,{}
piedraj/AnalysisCMS,https://github.com/piedraj/AnalysisCMS,201,2017-09-02T07:43:48Z,2017-09-02T08:29:10Z,2017-09-02T08:29:10Z,MERGED,True,20,10,4,https://github.com/cedricpri,Corrected darkest calculation,7,[],https://github.com/piedraj/AnalysisCMS/pull/201,https://github.com/cedricpri,1,https://github.com/piedraj/AnalysisCMS/pull/201,,,True,{}
piedraj/AnalysisCMS,https://github.com/piedraj/AnalysisCMS,202,2017-09-08T07:01:50Z,2017-09-08T07:29:41Z,2017-09-08T07:29:41Z,MERGED,True,3101,362,41,https://github.com/jgferrero,update for Cedric,16,[],https://github.com/piedraj/AnalysisCMS/pull/202,https://github.com/jgferrero,1,https://github.com/piedraj/AnalysisCMS/pull/202,,,True,{}
piedraj/AnalysisCMS,https://github.com/piedraj/AnalysisCMS,203,2017-11-13T15:32:25Z,2017-11-20T07:25:10Z,2017-11-20T07:25:10Z,MERGED,True,15,88,3,https://github.com/cedricpri,Fake rate calculation correction,1,[],https://github.com/piedraj/AnalysisCMS/pull/203,https://github.com/cedricpri,1,https://github.com/piedraj/AnalysisCMS/pull/203,Fake rate calculation corrected to take into account cases when AnalysisLeptons and std_vector are not equal.,Fake rate calculation corrected to take into account cases when AnalysisLeptons and std_vector are not equal.,True,{}
piedraj/AnalysisCMS,https://github.com/piedraj/AnalysisCMS,204,2018-06-22T08:52:04Z,2018-06-22T09:05:42Z,2018-06-22T09:05:42Z,MERGED,True,23,2,1,https://github.com/cedricpri,Updated README.md,1,[],https://github.com/piedraj/AnalysisCMS/pull/204,https://github.com/cedricpri,1,https://github.com/piedraj/AnalysisCMS/pull/204,Brilcalc instructions updated for the 2017 data taking period.,Brilcalc instructions updated for the 2017 data taking period.,True,{}
piedraj/AnalysisCMS,https://github.com/piedraj/AnalysisCMS,205,2018-07-05T09:29:58Z,2018-07-05T09:32:45Z,2018-07-05T09:32:46Z,MERGED,True,1485,0,2,https://github.com/cedricpri,Added first analyzer based on MakeSelector,1,[],https://github.com/piedraj/AnalysisCMS/pull/205,https://github.com/cedricpri,1,https://github.com/piedraj/AnalysisCMS/pull/205,"Added first analyzer based on MakeSelector.
To run it, simply open a MC file (such as /eos/cms/store/group/phys_higgs/cmshww/amassiro/HWWNano/Fall2017_nAOD_v1_Study2017/MCl1loose2017__baseW/nanoLatino_ZZZ__part0.root) and run the following command:
Events->Process(""testNano.C++"")
The loop over all the elements in the tree is automatic but can be limited by changing the value of maxentries in the file testNano.C","Added first analyzer based on MakeSelector.
To run it, simply open a MC file (such as /eos/cms/store/group/phys_higgs/cmshww/amassiro/HWWNano/Fall2017_nAOD_v1_Study2017/MCl1loose2017__baseW/nanoLatino_ZZZ__part0.root) and run the following command:
Events->Process(""testNano.C++"")
The loop over all the elements in the tree is automatic but can be limited by changing the value of maxentries in the file testNano.C",True,{}
piedraj/AnalysisCMS,https://github.com/piedraj/AnalysisCMS,206,2018-07-24T10:00:33Z,2018-08-01T14:17:05Z,2018-08-01T14:17:05Z,MERGED,True,1466,0,3,https://github.com/cedricpri,Added first version of nanoFakes,1,[],https://github.com/piedraj/AnalysisCMS/pull/206,https://github.com/cedricpri,1,https://github.com/piedraj/AnalysisCMS/pull/206,"First and simplified version of the new code to calculate the fakes, running on the nanoAOD latino trees. Known issues to be fixed: the MakeSelector function does not allow us to run on the Run2018B so far, the PR calculation is missing along with the electron triggers to be used.","First and simplified version of the new code to calculate the fakes, running on the nanoAOD latino trees. Known issues to be fixed: the MakeSelector function does not allow us to run on the Run2018B so far, the PR calculation is missing along with the electron triggers to be used.",True,{}
