rhomobile/rhodes,https://github.com/rhomobile/rhodes,810,2016-02-26T06:59:39Z,2016-02-26T13:14:10Z,2018-03-02T18:02:00Z,CLOSED,False,2,1,1,https://github.com/qwjn67,[SPR28983] autofocusing the cursor to the input field does not work a…,1,[],https://github.com/rhomobile/rhodes/pull/810,https://github.com/qwjn67,1,https://github.com/rhomobile/rhodes/pull/810,"@abhineetagarwal
…after device wake up from suspend in CE devices.
autofocusing the cursor to the input field does not work after device wake up from suspend in CE devices.
I need your permission to merge.","@abhineetagarwal
…after device wake up from suspend in CE devices.
autofocusing the cursor to the input field does not work after device wake up from suspend in CE devices.
I need your permission to merge.",True,{}
rhomobile/rhodes,https://github.com/rhomobile/rhodes,810,2016-02-26T06:59:39Z,2016-02-26T13:14:10Z,2018-03-02T18:02:00Z,CLOSED,False,2,1,1,https://github.com/qwjn67,[SPR28983] autofocusing the cursor to the input field does not work a…,1,[],https://github.com/rhomobile/rhodes/pull/810,https://github.com/abhineetagarwal,2,https://github.com/rhomobile/rhodes/pull/810#issuecomment-189188884,"@abhineetagarwal
…after device wake up from suspend in CE devices.
autofocusing the cursor to the input field does not work after device wake up from suspend in CE devices.
I need your permission to merge.",Looks good to me. You can merge the same...,True,{}
rhomobile/rhodes,https://github.com/rhomobile/rhodes,813,2016-05-12T02:13:41Z,2016-05-14T17:12:47Z,2016-05-14T17:12:47Z,MERGED,True,6,1,2,https://github.com/robroberts,Issue 812: Fix RhoContact crash on iOS,2,[],https://github.com/rhomobile/rhodes/pull/813,https://github.com/robroberts,1,https://github.com/rhomobile/rhodes/pull/813,,,True,{}
rhomobile/rhodes,https://github.com/rhomobile/rhodes,815,2016-06-26T22:03:52Z,2016-06-26T22:07:03Z,2016-06-26T22:07:03Z,CLOSED,False,1687529,901235,12289,https://github.com/dmitrys,merge Tau into Rhodes,10000,[],https://github.com/rhomobile/rhodes/pull/815,https://github.com/dmitrys,1,https://github.com/rhomobile/rhodes/pull/815,,,True,{}
rhomobile/rhodes,https://github.com/rhomobile/rhodes,816,2016-06-26T22:31:33Z,2016-06-26T23:44:51Z,2016-06-26T23:52:59Z,CLOSED,False,60300,135696,708,https://github.com/dmitrys,Tau preparing 5 5,45,[],https://github.com/rhomobile/rhodes/pull/816,https://github.com/dmitrys,1,https://github.com/rhomobile/rhodes/pull/816,,,True,{}
rhomobile/rhodes,https://github.com/rhomobile/rhodes,817,2016-07-06T20:59:58Z,2016-07-06T21:00:40Z,2017-12-01T21:02:35Z,MERGED,True,71820,58,817,https://github.com/alex-epifanoff,Android support new build tools,20,[],https://github.com/rhomobile/rhodes/pull/817,https://github.com/alex-epifanoff,1,https://github.com/rhomobile/rhodes/pull/817,,,True,{}
rhomobile/rhodes,https://github.com/rhomobile/rhodes,819,2016-07-19T05:15:03Z,2016-07-19T05:15:27Z,2016-07-19T05:15:27Z,MERGED,True,91287,1025,929,https://github.com/dmitrys,Tau preparing 5 5,52,[],https://github.com/rhomobile/rhodes/pull/819,https://github.com/dmitrys,1,https://github.com/rhomobile/rhodes/pull/819,,,True,{}
rhomobile/rhodes,https://github.com/rhomobile/rhodes,823,2016-09-04T15:21:00Z,2016-11-14T17:54:33Z,2016-11-14T17:54:33Z,CLOSED,False,1,0,1,https://github.com/amalarichu,Create OnlineAttendance,1,[],https://github.com/rhomobile/rhodes/pull/823,https://github.com/amalarichu,1,https://github.com/rhomobile/rhodes/pull/823,,,True,{}
rhomobile/rhodes,https://github.com/rhomobile/rhodes,823,2016-09-04T15:21:00Z,2016-11-14T17:54:33Z,2016-11-14T17:54:33Z,CLOSED,False,1,0,1,https://github.com/amalarichu,Create OnlineAttendance,1,[],https://github.com/rhomobile/rhodes/pull/823,https://github.com/amalarichu,2,https://github.com/rhomobile/rhodes/pull/823#issuecomment-244609506,,OnlineAttendace.zip,True,{}
rhomobile/rhodes,https://github.com/rhomobile/rhodes,823,2016-09-04T15:21:00Z,2016-11-14T17:54:33Z,2016-11-14T17:54:33Z,CLOSED,False,1,0,1,https://github.com/amalarichu,Create OnlineAttendance,1,[],https://github.com/rhomobile/rhodes/pull/823,https://github.com/amalarichu,3,https://github.com/rhomobile/rhodes/pull/823#issuecomment-244609590,,Uploading RhoMobileApplication1.zip…,True,{}
rhomobile/rhodes,https://github.com/rhomobile/rhodes,823,2016-09-04T15:21:00Z,2016-11-14T17:54:33Z,2016-11-14T17:54:33Z,CLOSED,False,1,0,1,https://github.com/amalarichu,Create OnlineAttendance,1,[],https://github.com/rhomobile/rhodes/pull/823,https://github.com/rognar,4,https://github.com/rhomobile/rhodes/pull/823#issuecomment-244645943,,"Hi,
What your commit about?",True,{}
rhomobile/rhodes,https://github.com/rhomobile/rhodes,824,2016-09-16T12:49:05Z,2016-09-16T12:50:50Z,2016-09-16T12:50:50Z,MERGED,True,8522,464,39,https://github.com/rognar,Tau webkit,14,[],https://github.com/rhomobile/rhodes/pull/824,https://github.com/rognar,1,https://github.com/rhomobile/rhodes/pull/824,WM/CE support,WM/CE support,True,{}
rhomobile/rhodes,https://github.com/rhomobile/rhodes,826,2016-10-06T15:39:40Z,2016-10-06T17:03:28Z,2016-10-13T09:50:32Z,MERGED,True,13,3,3,https://github.com/louisatome,Implement Rho::WebView.save for iOS devices,1,[],https://github.com/rhomobile/rhodes/pull/826,https://github.com/louisatome,1,https://github.com/rhomobile/rhodes/pull/826,"Don't know if it covers all the cases, but it works for me on my test devices (iPad Mini + iPhone 4)","Don't know if it covers all the cases, but it works for me on my test devices (iPad Mini + iPhone 4)",True,{}
rhomobile/rhodes,https://github.com/rhomobile/rhodes,826,2016-10-06T15:39:40Z,2016-10-06T17:03:28Z,2016-10-13T09:50:32Z,MERGED,True,13,3,3,https://github.com/louisatome,Implement Rho::WebView.save for iOS devices,1,[],https://github.com/rhomobile/rhodes/pull/826,https://github.com/dmitrys,2,https://github.com/rhomobile/rhodes/pull/826#issuecomment-252025768,"Don't know if it covers all the cases, but it works for me on my test devices (iPad Mini + iPhone 4)",Thank you for cooperation !,True,{}
rhomobile/rhodes,https://github.com/rhomobile/rhodes,827,2016-10-10T13:34:51Z,2016-10-19T19:20:32Z,2016-10-19T19:20:32Z,MERGED,True,24,2,1,https://github.com/ThomasAtome,Fix bad ppi on ipad mini retina,2,[],https://github.com/rhomobile/rhodes/pull/827,https://github.com/ThomasAtome,1,https://github.com/rhomobile/rhodes/pull/827,"Hi,
Actually, rhodes return bad ppi for some devices on iOS. It's the case for all the ipad mini, because they don't have the same ppi than ipad pro or iphone.
You can easly check ppi with this great wiki that listed all the ppi for each device :
https://www.theiphonewiki.com/wiki/Models
More over, I don't try for the moment, but it seems that for iphone 6 plus, 6s plus and 7 plus, the correct ppi is 401 and rhodes don't manage it like for the ipad mini.
Thanks :)","Hi,
Actually, rhodes return bad ppi for some devices on iOS. It's the case for all the ipad mini, because they don't have the same ppi than ipad pro or iphone.
You can easly check ppi with this great wiki that listed all the ppi for each device :
https://www.theiphonewiki.com/wiki/Models
More over, I don't try for the moment, but it seems that for iphone 6 plus, 6s plus and 7 plus, the correct ppi is 401 and rhodes don't manage it like for the ipad mini.
Thanks :)",True,{}
rhomobile/rhodes,https://github.com/rhomobile/rhodes,828,2016-10-10T16:23:10Z,2016-10-14T08:50:54Z,2016-10-14T08:50:58Z,MERGED,True,38,24,12,https://github.com/vmusulainen,JQM: v.1.3.1 has been replaced with 1.4.5,1,[],https://github.com/rhomobile/rhodes/pull/828,https://github.com/vmusulainen,1,https://github.com/rhomobile/rhodes/pull/828,the issue with incorrect height of ui-content element at generated app by default,the issue with incorrect height of ui-content element at generated app by default,True,{}
rhomobile/rhodes,https://github.com/rhomobile/rhodes,829,2016-10-11T13:01:01Z,2016-10-19T19:16:20Z,2016-10-19T19:16:20Z,MERGED,True,20,3,3,https://github.com/ThomasAtome,Generate unique identifier for iOS,1,[],https://github.com/rhomobile/rhodes/pull/829,https://github.com/ThomasAtome,1,https://github.com/rhomobile/rhodes/pull/829,"Hi,
We find a workaround in order to generate an unique identifier for iOS devices.
We use the identifierForVendor method in order to generate this unique identifier per app and per vendor. This identifierForVendor is only available for iOS 6.0+ but before this version we generate an identifier and store it in the default storage.
Full doc here : https://developer.apple.com/reference/uikit/uidevice/1620059-identifierforvendor
Thanks :)","Hi,
We find a workaround in order to generate an unique identifier for iOS devices.
We use the identifierForVendor method in order to generate this unique identifier per app and per vendor. This identifierForVendor is only available for iOS 6.0+ but before this version we generate an identifier and store it in the default storage.
Full doc here : https://developer.apple.com/reference/uikit/uidevice/1620059-identifierforvendor
Thanks :)",True,{}
rhomobile/rhodes,https://github.com/rhomobile/rhodes,829,2016-10-11T13:01:01Z,2016-10-19T19:16:20Z,2016-10-19T19:16:20Z,MERGED,True,20,3,3,https://github.com/ThomasAtome,Generate unique identifier for iOS,1,[],https://github.com/rhomobile/rhodes/pull/829,https://github.com/louisatome,2,https://github.com/rhomobile/rhodes/pull/829#issuecomment-252910274,"Hi,
We find a workaround in order to generate an unique identifier for iOS devices.
We use the identifierForVendor method in order to generate this unique identifier per app and per vendor. This identifierForVendor is only available for iOS 6.0+ but before this version we generate an identifier and store it in the default storage.
Full doc here : https://developer.apple.com/reference/uikit/uidevice/1620059-identifierforvendor
Thanks :)",This PR should fix #699,True,{}
rhomobile/rhodes,https://github.com/rhomobile/rhodes,832,2016-10-24T21:24:30Z,2016-10-24T21:25:51Z,2016-10-24T21:25:51Z,MERGED,True,10382,3991,54,https://github.com/vmusulainen,Rhodes bootstrap,7,[],https://github.com/rhomobile/rhodes/pull/832,https://github.com/vmusulainen,1,https://github.com/rhomobile/rhodes/pull/832,,,True,{}
rhomobile/rhodes,https://github.com/rhomobile/rhodes,835,2016-11-01T18:16:38Z,2016-11-01T18:16:50Z,2016-11-01T18:16:51Z,MERGED,True,1323,34,21,https://github.com/vmusulainen,Javascript app generator,9,[],https://github.com/rhomobile/rhodes/pull/835,https://github.com/vmusulainen,1,https://github.com/rhomobile/rhodes/pull/835,,,True,{}
rhomobile/rhodes,https://github.com/rhomobile/rhodes,836,2016-11-08T06:12:23Z,2016-11-14T02:25:21Z,2016-11-14T02:25:21Z,CLOSED,False,14,1,1,https://github.com/pslgoh,Fix for Android Audio Notifications in Android Marshmallow,5,[],https://github.com/rhomobile/rhodes/pull/836,https://github.com/pslgoh,1,https://github.com/rhomobile/rhodes/pull/836,"Our RhoMobile app would not be able to play audio notifications in Android 6.0, but would work for older OS versions (Android 5.x or older).
Our app made use of the Javascript API Rho.Notification.playFile method. Debugging in ADB traced issue back to the NotificationSingleton.java class.
This update to NotificationSingleton.java class fixed the playfile problem we were experiencing with Android 6.0, and maintained compatibility with older Android OS (API Lvl < 23)
Please consider this pull request to be merged back into origin..","Our RhoMobile app would not be able to play audio notifications in Android 6.0, but would work for older OS versions (Android 5.x or older).
Our app made use of the Javascript API Rho.Notification.playFile method. Debugging in ADB traced issue back to the NotificationSingleton.java class.
This update to NotificationSingleton.java class fixed the playfile problem we were experiencing with Android 6.0, and maintained compatibility with older Android OS (API Lvl < 23)
Please consider this pull request to be merged back into origin..",True,{}
rhomobile/rhodes,https://github.com/rhomobile/rhodes,836,2016-11-08T06:12:23Z,2016-11-14T02:25:21Z,2016-11-14T02:25:21Z,CLOSED,False,14,1,1,https://github.com/pslgoh,Fix for Android Audio Notifications in Android Marshmallow,5,[],https://github.com/rhomobile/rhodes/pull/836,https://github.com/rognar,2,https://github.com/rhomobile/rhodes/pull/836#issuecomment-259956022,"Our RhoMobile app would not be able to play audio notifications in Android 6.0, but would work for older OS versions (Android 5.x or older).
Our app made use of the Javascript API Rho.Notification.playFile method. Debugging in ADB traced issue back to the NotificationSingleton.java class.
This update to NotificationSingleton.java class fixed the playfile problem we were experiencing with Android 6.0, and maintained compatibility with older Android OS (API Lvl < 23)
Please consider this pull request to be merged back into origin..","Thanks.
We will merge your changes on next week.
Regards,
Konstantin",True,{}
rhomobile/rhodes,https://github.com/rhomobile/rhodes,836,2016-11-08T06:12:23Z,2016-11-14T02:25:21Z,2016-11-14T02:25:21Z,CLOSED,False,14,1,1,https://github.com/pslgoh,Fix for Android Audio Notifications in Android Marshmallow,5,[],https://github.com/rhomobile/rhodes/pull/836,https://github.com/alex-epifanoff,3,https://github.com/rhomobile/rhodes/pull/836#issuecomment-259980018,"Our RhoMobile app would not be able to play audio notifications in Android 6.0, but would work for older OS versions (Android 5.x or older).
Our app made use of the Javascript API Rho.Notification.playFile method. Debugging in ADB traced issue back to the NotificationSingleton.java class.
This update to NotificationSingleton.java class fixed the playfile problem we were experiencing with Android 6.0, and maintained compatibility with older Android OS (API Lvl < 23)
Please consider this pull request to be merged back into origin..","Hello, we've tested notification API on Android 6 and it seems to work OK.
Can you please submit a support ticket on tautechnologies.zendesk.com and provide more details on the specific case you have issues with.

Path to the file you play.
Provide build.yml of your app
Provide rhoconfig.txt of your app
Provide sample code.",True,{}
rhomobile/rhodes,https://github.com/rhomobile/rhodes,836,2016-11-08T06:12:23Z,2016-11-14T02:25:21Z,2016-11-14T02:25:21Z,CLOSED,False,14,1,1,https://github.com/pslgoh,Fix for Android Audio Notifications in Android Marshmallow,5,[],https://github.com/rhomobile/rhodes/pull/836,https://github.com/rognar,4,https://github.com/rhomobile/rhodes/pull/836#issuecomment-259982851,"Our RhoMobile app would not be able to play audio notifications in Android 6.0, but would work for older OS versions (Android 5.x or older).
Our app made use of the Javascript API Rho.Notification.playFile method. Debugging in ADB traced issue back to the NotificationSingleton.java class.
This update to NotificationSingleton.java class fixed the playfile problem we were experiencing with Android 6.0, and maintained compatibility with older Android OS (API Lvl < 23)
Please consider this pull request to be merged back into origin..",Alex means that we've tested Rho 5.5.0.4 and it works fine.,True,{}
rhomobile/rhodes,https://github.com/rhomobile/rhodes,836,2016-11-08T06:12:23Z,2016-11-14T02:25:21Z,2016-11-14T02:25:21Z,CLOSED,False,14,1,1,https://github.com/pslgoh,Fix for Android Audio Notifications in Android Marshmallow,5,[],https://github.com/rhomobile/rhodes/pull/836,https://github.com/pslgoh,5,https://github.com/rhomobile/rhodes/pull/836#issuecomment-260234393,"Our RhoMobile app would not be able to play audio notifications in Android 6.0, but would work for older OS versions (Android 5.x or older).
Our app made use of the Javascript API Rho.Notification.playFile method. Debugging in ADB traced issue back to the NotificationSingleton.java class.
This update to NotificationSingleton.java class fixed the playfile problem we were experiencing with Android 6.0, and maintained compatibility with older Android OS (API Lvl < 23)
Please consider this pull request to be merged back into origin..","We were having this issue with rhodes 5.4.0, I have retested our application with v5.5.0.4, and can confirm the issue we were having with audio notifications is fixed.
I will cancel this pull request. Sorry for the trouble, and thank you both for your time.
Regards,
Paul",True,{}
rhomobile/rhodes,https://github.com/rhomobile/rhodes,837,2016-12-12T09:18:22Z,2016-12-12T09:18:37Z,2016-12-12T09:18:41Z,MERGED,True,5,1,1,https://github.com/alex-epifanoff,fix openAssetFile: throw FNF instead of returning null.,1,[],https://github.com/rhomobile/rhodes/pull/837,https://github.com/alex-epifanoff,1,https://github.com/rhomobile/rhodes/pull/837,,,True,{}
rhomobile/rhodes,https://github.com/rhomobile/rhodes,838,2016-12-12T09:54:57Z,2016-12-12T09:55:22Z,2016-12-12T09:55:22Z,MERGED,True,21373,4369,168,https://github.com/dmitrys,merge all current changes to stable because 5.5.0.7 used by customers and we must based on 5.5.0.7 in stable 5.5,75,[],https://github.com/rhomobile/rhodes/pull/838,https://github.com/dmitrys,1,https://github.com/rhomobile/rhodes/pull/838,,,True,{}
rhomobile/rhodes,https://github.com/rhomobile/rhodes,840,2017-01-20T15:26:56Z,2017-01-20T15:32:49Z,2017-01-20T15:32:49Z,MERGED,True,1,1,1,https://github.com/timashev,syntax error fixed in application template .erb,1,[],https://github.com/rhomobile/rhodes/pull/840,https://github.com/timashev,1,https://github.com/rhomobile/rhodes/pull/840,,,True,{}
rhomobile/rhodes,https://github.com/rhomobile/rhodes,842,2017-01-25T10:13:37Z,2017-01-26T00:33:10Z,2017-01-26T00:33:10Z,MERGED,True,2,1,2,https://github.com/alex-epifanoff,Rho app,2,[],https://github.com/rhomobile/rhodes/pull/842,https://github.com/alex-epifanoff,1,https://github.com/rhomobile/rhodes/pull/842,,,True,{}
rhomobile/rhodes,https://github.com/rhomobile/rhodes,843,2017-02-02T12:34:58Z,2017-02-02T21:26:14Z,2017-02-02T21:26:23Z,MERGED,True,1,1,1,https://github.com/louisatome,Fix : recursive_replace_bool for first level boolean properties,1,[],https://github.com/rhomobile/rhodes/pull/843,https://github.com/louisatome,1,https://github.com/rhomobile/rhodes/pull/843,"This PR fixes a problem with first level info_plit_data.
If i had in my build.yml an Info.plist boolean property on the first level, the boolean value was considerd as a string.
Example in build.yml :
info_plist_data:
  UIStatusBarHidden: true
It generates in the Info.plist :
<key>UIStatusBarHidden</key>
<string>true</string>
Instead of :
<key>UIStatusBarHidden</key>
<true/>","This PR fixes a problem with first level info_plit_data.
If i had in my build.yml an Info.plist boolean property on the first level, the boolean value was considerd as a string.
Example in build.yml :
info_plist_data:
  UIStatusBarHidden: true
It generates in the Info.plist :
<key>UIStatusBarHidden</key>
<string>true</string>
Instead of :
<key>UIStatusBarHidden</key>
<true/>",True,{}
rhomobile/rhodes,https://github.com/rhomobile/rhodes,843,2017-02-02T12:34:58Z,2017-02-02T21:26:14Z,2017-02-02T21:26:23Z,MERGED,True,1,1,1,https://github.com/louisatome,Fix : recursive_replace_bool for first level boolean properties,1,[],https://github.com/rhomobile/rhodes/pull/843,https://github.com/dmitrys,2,https://github.com/rhomobile/rhodes/pull/843#issuecomment-277089081,"This PR fixes a problem with first level info_plit_data.
If i had in my build.yml an Info.plist boolean property on the first level, the boolean value was considerd as a string.
Example in build.yml :
info_plist_data:
  UIStatusBarHidden: true
It generates in the Info.plist :
<key>UIStatusBarHidden</key>
<string>true</string>
Instead of :
<key>UIStatusBarHidden</key>
<true/>",Thank you,True,{}
rhomobile/rhodes,https://github.com/rhomobile/rhodes,844,2017-02-06T07:10:05Z,2017-02-06T07:11:30Z,2017-02-06T07:20:22Z,CLOSED,False,9,3,2,https://github.com/vmusulainen,Fix application.expand database blob file path,2,[],https://github.com/rhomobile/rhodes/pull/844,https://github.com/vmusulainen,1,https://github.com/rhomobile/rhodes/pull/844,,,True,{}
rhomobile/rhodes,https://github.com/rhomobile/rhodes,845,2017-02-06T08:45:12Z,2017-02-08T07:56:04Z,2017-02-08T07:56:31Z,MERGED,True,3,0,1,https://github.com/vmusulainen,Fix Rho.Application.expandDatabaseBlobFilePath. Was: the method retur…,1,[],https://github.com/rhomobile/rhodes/pull/845,https://github.com/vmusulainen,1,https://github.com/rhomobile/rhodes/pull/845,…ns null if the arg is an absolute path and it does not match with the path to the app root. Now: it returns the arg,…ns null if the arg is an absolute path and it does not match with the path to the app root. Now: it returns the arg,True,{}
rhomobile/rhodes,https://github.com/rhomobile/rhodes,847,2017-02-08T10:50:15Z,2017-02-08T16:51:05Z,2017-02-08T16:51:05Z,MERGED,True,10,10,6,https://github.com/timashev,win32: Visual Studio 2012 build fix,2,[],https://github.com/rhomobile/rhodes/pull/847,https://github.com/timashev,1,https://github.com/rhomobile/rhodes/pull/847,,,True,{}
rhomobile/rhodes,https://github.com/rhomobile/rhodes,847,2017-02-08T10:50:15Z,2017-02-08T16:51:05Z,2017-02-08T16:51:05Z,MERGED,True,10,10,6,https://github.com/timashev,win32: Visual Studio 2012 build fix,2,[],https://github.com/rhomobile/rhodes/pull/847,https://github.com/timashev,2,https://github.com/rhomobile/rhodes/pull/847#issuecomment-278295421,,I'd recommend to 'Squash changes into one commit' and name it 'win32: Visual Studio 2012 build fix',True,{}
rhomobile/rhodes,https://github.com/rhomobile/rhodes,848,2017-02-14T11:27:54Z,2017-02-14T11:30:42Z,2017-02-14T11:30:42Z,MERGED,True,73,11,6,https://github.com/rognar,5 5 ie,4,[],https://github.com/rhomobile/rhodes/pull/848,https://github.com/rognar,1,https://github.com/rhomobile/rhodes/pull/848,IE support(ruby),IE support(ruby),True,{}
rhomobile/rhodes,https://github.com/rhomobile/rhodes,849,2017-02-14T11:45:07Z,2017-02-14T11:45:18Z,2017-02-14T11:45:18Z,MERGED,True,6,3,1,https://github.com/rognar,Adapting rhoapi.js for working with MSIE version 6.0-8.0,1,[],https://github.com/rhomobile/rhodes/pull/849,https://github.com/rognar,1,https://github.com/rhomobile/rhodes/pull/849,,,True,{}
rhomobile/rhodes,https://github.com/rhomobile/rhodes,850,2017-02-20T15:22:31Z,2017-02-20T21:34:03Z,2017-02-20T21:34:03Z,MERGED,True,1101,30,27,https://github.com/hramovnik,Win32 mediacapture,8,[],https://github.com/rhomobile/rhodes/pull/850,https://github.com/hramovnik,1,https://github.com/rhomobile/rhodes/pull/850,,,True,{}
rhomobile/rhodes,https://github.com/rhomobile/rhodes,851,2017-02-27T17:53:52Z,2017-02-27T17:54:11Z,2017-02-27T17:54:14Z,MERGED,True,9,2,1,https://github.com/alex-epifanoff,Fix run app,2,[],https://github.com/rhomobile/rhodes/pull/851,https://github.com/alex-epifanoff,1,https://github.com/rhomobile/rhodes/pull/851,,,True,{}
rhomobile/rhodes,https://github.com/rhomobile/rhodes,852,2017-02-28T10:08:52Z,2017-05-27T15:25:34Z,2017-05-27T15:25:34Z,CLOSED,False,2097,406,76,https://github.com/louisatome,Add the config enable_media_playback_without_gesture,31,[],https://github.com/rhomobile/rhodes/pull/852,https://github.com/louisatome,1,https://github.com/rhomobile/rhodes/pull/852,"Add a new config enable_media_playback_without_gesture for android/iOS which enable the playing of media file (sound/video) in JS programmatically. The config is disabled by default.
I don't know if this can be useful for someone else but it was in our project.","Add a new config enable_media_playback_without_gesture for android/iOS which enable the playing of media file (sound/video) in JS programmatically. The config is disabled by default.
I don't know if this can be useful for someone else but it was in our project.",True,{}
rhomobile/rhodes,https://github.com/rhomobile/rhodes,852,2017-02-28T10:08:52Z,2017-05-27T15:25:34Z,2017-05-27T15:25:34Z,CLOSED,False,2097,406,76,https://github.com/louisatome,Add the config enable_media_playback_without_gesture,31,[],https://github.com/rhomobile/rhodes/pull/852,https://github.com/alex-epifanoff,2,https://github.com/rhomobile/rhodes/pull/852#issuecomment-304458774,"Add a new config enable_media_playback_without_gesture for android/iOS which enable the playing of media file (sound/video) in JS programmatically. The config is disabled by default.
I don't know if this can be useful for someone else but it was in our project.",Cherry-picked to master,True,{}
rhomobile/rhodes,https://github.com/rhomobile/rhodes,853,2017-03-13T18:44:01Z,2017-03-13T20:18:47Z,2017-03-13T20:18:53Z,MERGED,True,263,232,2,https://github.com/alex-epifanoff,fix camera datauri output and refactor a bit.,1,[],https://github.com/rhomobile/rhodes/pull/853,https://github.com/alex-epifanoff,1,https://github.com/rhomobile/rhodes/pull/853,,,True,{}
rhomobile/rhodes,https://github.com/rhomobile/rhodes,854,2017-03-24T16:46:44Z,2017-03-24T16:47:12Z,2017-03-24T16:47:12Z,MERGED,True,41148,2400,391,https://github.com/hramovnik,Win32 mediacapture,15,[],https://github.com/rhomobile/rhodes/pull/854,https://github.com/hramovnik,1,https://github.com/rhomobile/rhodes/pull/854,,,True,{}
rhomobile/rhodes,https://github.com/rhomobile/rhodes,856,2017-03-26T11:55:01Z,2017-03-26T11:55:31Z,2017-03-26T11:55:31Z,MERGED,True,12119,69,60,https://github.com/dmitrys,Merge from tau_nodejs branch,8,[],https://github.com/rhomobile/rhodes/pull/856,https://github.com/dmitrys,1,https://github.com/rhomobile/rhodes/pull/856,,,True,{}
rhomobile/rhodes,https://github.com/rhomobile/rhodes,857,2017-03-26T19:10:42Z,2017-03-26T19:10:50Z,2017-03-26T19:10:50Z,MERGED,True,1,1,1,https://github.com/dmitrys,rename nodejs extension,1,[],https://github.com/rhomobile/rhodes/pull/857,https://github.com/dmitrys,1,https://github.com/rhomobile/rhodes/pull/857,,,True,{}
rhomobile/rhodes,https://github.com/rhomobile/rhodes,858,2017-03-29T12:20:02Z,2017-03-29T12:20:15Z,2017-03-29T12:20:17Z,MERGED,True,13,0,1,https://github.com/alex-epifanoff,ruby: init JNI context,1,[],https://github.com/rhomobile/rhodes/pull/858,https://github.com/alex-epifanoff,1,https://github.com/rhomobile/rhodes/pull/858,,,True,{}
rhomobile/rhodes,https://github.com/rhomobile/rhodes,859,2017-03-29T13:34:00Z,2017-03-29T13:34:11Z,2017-03-29T13:34:11Z,MERGED,True,12739,579,147,https://github.com/hramovnik,Update from master,42,[],https://github.com/rhomobile/rhodes/pull/859,https://github.com/hramovnik,1,https://github.com/rhomobile/rhodes/pull/859,,,True,{}
rhomobile/rhodes,https://github.com/rhomobile/rhodes,860,2017-04-03T13:02:32Z,2017-04-03T13:02:49Z,2017-04-03T13:02:49Z,MERGED,True,199212,200,349,https://github.com/hramovnik,Win mobile,3,[],https://github.com/rhomobile/rhodes/pull/860,https://github.com/hramovnik,1,https://github.com/rhomobile/rhodes/pull/860,,,True,{}
rhomobile/rhodes,https://github.com/rhomobile/rhodes,863,2017-04-21T15:04:44Z,2017-04-23T12:54:26Z,2017-04-23T12:54:26Z,MERGED,True,24236,1054,68,https://github.com/hramovnik,Win mobile,6,[],https://github.com/rhomobile/rhodes/pull/863,https://github.com/hramovnik,1,https://github.com/rhomobile/rhodes/pull/863,,,True,{}
rhomobile/rhodes,https://github.com/rhomobile/rhodes,864,2017-05-04T18:08:06Z,2017-05-04T18:08:15Z,2017-05-04T18:08:16Z,MERGED,True,15666,449,80,https://github.com/hramovnik,Win mobile,3,[],https://github.com/rhomobile/rhodes/pull/864,https://github.com/hramovnik,1,https://github.com/rhomobile/rhodes/pull/864,,,True,{}
rhomobile/rhodes,https://github.com/rhomobile/rhodes,866,2017-05-17T15:56:09Z,2017-05-17T16:07:22Z,2017-05-17T16:07:22Z,CLOSED,False,632,185,40,https://github.com/hramovnik,Win mobile,3,[],https://github.com/rhomobile/rhodes/pull/866,https://github.com/hramovnik,1,https://github.com/rhomobile/rhodes/pull/866,,,True,{}
rhomobile/rhodes,https://github.com/rhomobile/rhodes,867,2017-05-17T17:23:23Z,2017-05-17T17:25:36Z,2017-05-17T17:25:36Z,CLOSED,False,810,204,42,https://github.com/hramovnik,Win mobile,4,[],https://github.com/rhomobile/rhodes/pull/867,https://github.com/hramovnik,1,https://github.com/rhomobile/rhodes/pull/867,,,True,{}
rhomobile/rhodes,https://github.com/rhomobile/rhodes,868,2017-05-17T17:35:35Z,2017-05-17T17:37:41Z,2017-05-17T17:37:41Z,CLOSED,False,810,213,42,https://github.com/hramovnik,Win mobile,5,[],https://github.com/rhomobile/rhodes/pull/868,https://github.com/hramovnik,1,https://github.com/rhomobile/rhodes/pull/868,,,True,{}
rhomobile/rhodes,https://github.com/rhomobile/rhodes,869,2017-05-17T17:44:56Z,2017-05-17T17:45:06Z,2021-03-11T16:06:13Z,MERGED,True,886,250,42,https://github.com/hramovnik,Win mobile,6,[],https://github.com/rhomobile/rhodes/pull/869,https://github.com/hramovnik,1,https://github.com/rhomobile/rhodes/pull/869,,,True,{}
rhomobile/rhodes,https://github.com/rhomobile/rhodes,870,2017-05-17T19:02:46Z,2017-05-17T19:02:54Z,2021-03-11T16:06:14Z,MERGED,True,886,250,42,https://github.com/hramovnik,Win mobile,6,[],https://github.com/rhomobile/rhodes/pull/870,https://github.com/hramovnik,1,https://github.com/rhomobile/rhodes/pull/870,,,True,{}
rhomobile/rhodes,https://github.com/rhomobile/rhodes,871,2017-05-17T22:23:38Z,2017-05-18T12:40:56Z,2017-05-18T12:40:56Z,MERGED,True,636637,192018,870,https://github.com/alex-epifanoff,Ruby vm upgrade,137,[],https://github.com/rhomobile/rhodes/pull/871,https://github.com/alex-epifanoff,1,https://github.com/rhomobile/rhodes/pull/871,,,True,{}
rhomobile/rhodes,https://github.com/rhomobile/rhodes,873,2017-05-28T21:29:22Z,2017-05-28T21:34:23Z,2017-05-28T21:34:23Z,CLOSED,False,701,135,28,https://github.com/rognar,added Ruby 2.3 support on WM/CE platforms,1,[],https://github.com/rhomobile/rhodes/pull/873,https://github.com/rognar,1,https://github.com/rhomobile/rhodes/pull/873,,,True,{}
rhomobile/rhodes,https://github.com/rhomobile/rhodes,874,2017-05-29T15:26:48Z,2017-05-29T15:27:21Z,2017-05-29T15:27:21Z,CLOSED,False,706,140,28,https://github.com/rognar,Ruby vm upgrade for WM/CE,4,[],https://github.com/rhomobile/rhodes/pull/874,https://github.com/rognar,1,https://github.com/rhomobile/rhodes/pull/874,,,True,{}
rhomobile/rhodes,https://github.com/rhomobile/rhodes,875,2017-05-29T16:04:41Z,2017-05-29T16:56:17Z,2017-05-29T16:56:17Z,MERGED,True,744,140,28,https://github.com/rognar,Ruby vm upgrade for WM/CE,5,[],https://github.com/rhomobile/rhodes/pull/875,https://github.com/rognar,1,https://github.com/rhomobile/rhodes/pull/875,,,True,{}
rhomobile/rhodes,https://github.com/rhomobile/rhodes,877,2017-05-31T09:55:52Z,2018-03-23T10:30:30Z,2018-03-23T10:30:30Z,CLOSED,False,32,0,2,https://github.com/louisatome,android : Add intent chooser option,1,[],https://github.com/rhomobile/rhodes/pull/877,https://github.com/louisatome,1,https://github.com/rhomobile/rhodes/pull/877,"Add the parameters createChooser and chooserTitle to the rhodes Intent API. If the createChooser param is set to true, it wraps the intent in an action chooser that display the list of available services that can handle the intent. The chooserTitle param is used to set the title of the chooser popup.
Android doc
Three remarks :

I didn't find where are defined the HK_*** constants used by IntentSingleton so I add mine in the singleton class.
I modified the API doc file Intent.xml but i didn't find how to generate the docs to be sure my modification is well formatted.
I would prefer to create the PR to the master branch but it seems that some commits in the 5-5-stable branch haven't been merged in the master branch. Is it normal?","Add the parameters createChooser and chooserTitle to the rhodes Intent API. If the createChooser param is set to true, it wraps the intent in an action chooser that display the list of available services that can handle the intent. The chooserTitle param is used to set the title of the chooser popup.
Android doc
Three remarks :

I didn't find where are defined the HK_*** constants used by IntentSingleton so I add mine in the singleton class.
I modified the API doc file Intent.xml but i didn't find how to generate the docs to be sure my modification is well formatted.
I would prefer to create the PR to the master branch but it seems that some commits in the 5-5-stable branch haven't been merged in the master branch. Is it normal?",True,{}
rhomobile/rhodes,https://github.com/rhomobile/rhodes,880,2017-06-19T17:05:56Z,2017-06-21T13:56:33Z,2017-06-21T13:56:36Z,MERGED,True,8,6,2,https://github.com/alex-epifanoff,Android open external app fix,2,[],https://github.com/rhomobile/rhodes/pull/880,https://github.com/alex-epifanoff,1,https://github.com/rhomobile/rhodes/pull/880,,,True,{}
rhomobile/rhodes,https://github.com/rhomobile/rhodes,881,2017-06-28T14:39:37Z,2017-07-13T19:53:43Z,2017-07-13T19:53:43Z,MERGED,True,406,4,4,https://github.com/alex-epifanoff,ProGuard support,2,[],https://github.com/rhomobile/rhodes/pull/881,https://github.com/alex-epifanoff,1,https://github.com/rhomobile/rhodes/pull/881,,,True,{}
rhomobile/rhodes,https://github.com/rhomobile/rhodes,882,2017-07-05T22:37:30Z,2017-07-07T08:10:38Z,2017-07-07T08:10:38Z,MERGED,True,318,107,15,https://github.com/alex-epifanoff,Digest auth,5,[],https://github.com/rhomobile/rhodes/pull/882,https://github.com/alex-epifanoff,1,https://github.com/rhomobile/rhodes/pull/882,,,True,{}
rhomobile/rhodes,https://github.com/rhomobile/rhodes,883,2017-07-07T08:28:40Z,2017-09-25T14:49:05Z,2017-09-25T14:49:05Z,MERGED,True,309,101,15,https://github.com/alex-epifanoff,backport HTTP digest auth (#882),1,[],https://github.com/rhomobile/rhodes/pull/883,https://github.com/alex-epifanoff,1,https://github.com/rhomobile/rhodes/pull/883,,,True,{}
rhomobile/rhodes,https://github.com/rhomobile/rhodes,884,2017-07-07T14:05:49Z,2017-07-07T14:06:17Z,2017-07-07T14:06:17Z,MERGED,True,309,101,15,https://github.com/alex-epifanoff,backport HTTP digest auth (#882),1,[],https://github.com/rhomobile/rhodes/pull/884,https://github.com/alex-epifanoff,1,https://github.com/rhomobile/rhodes/pull/884,,,True,{}
rhomobile/rhodes,https://github.com/rhomobile/rhodes,885,2017-07-09T15:26:32Z,2017-07-24T16:16:00Z,2017-07-24T16:16:05Z,MERGED,True,4,1,2,https://github.com/alex-epifanoff,updated cmd params for new SDK;,1,[],https://github.com/rhomobile/rhodes/pull/885,https://github.com/alex-epifanoff,1,https://github.com/rhomobile/rhodes/pull/885,replace whitespaces in AVD name with underscores,replace whitespaces in AVD name with underscores,True,{}
rhomobile/rhodes,https://github.com/rhomobile/rhodes,886,2017-07-13T23:15:03Z,2017-07-13T23:15:14Z,2017-07-13T23:15:14Z,MERGED,True,931,8,29,https://github.com/dmitrys,5 5 stable,5,[],https://github.com/rhomobile/rhodes/pull/886,https://github.com/dmitrys,1,https://github.com/rhomobile/rhodes/pull/886,,,True,{}
rhomobile/rhodes,https://github.com/rhomobile/rhodes,887,2017-07-18T18:46:49Z,2017-07-18T18:49:46Z,2017-07-18T21:26:17Z,MERGED,True,752,9,21,https://github.com/hramovnik,Fcm push,6,[],https://github.com/rhomobile/rhodes/pull/887,https://github.com/hramovnik,1,https://github.com/rhomobile/rhodes/pull/887,,,True,{}
rhomobile/rhodes,https://github.com/rhomobile/rhodes,888,2017-07-24T16:14:43Z,2017-07-24T16:14:59Z,2017-07-24T16:15:03Z,MERGED,True,23,2,2,https://github.com/alex-epifanoff,extract all additional resources from jars;,1,[],https://github.com/rhomobile/rhodes/pull/888,https://github.com/alex-epifanoff,1,https://github.com/rhomobile/rhodes/pull/888,"build jars only with .class files, fix include of temporary native objects","build jars only with .class files, fix include of temporary native objects",True,{}
rhomobile/rhodes,https://github.com/rhomobile/rhodes,889,2017-07-24T16:24:58Z,2017-08-02T13:26:46Z,2017-08-02T13:26:46Z,CLOSED,False,7885,9,188,https://github.com/alex-epifanoff,5 5 stable product2,17,[],https://github.com/rhomobile/rhodes/pull/889,https://github.com/alex-epifanoff,1,https://github.com/rhomobile/rhodes/pull/889,,,True,{}
rhomobile/rhodes,https://github.com/rhomobile/rhodes,892,2017-08-04T18:41:11Z,2017-08-04T18:53:30Z,2017-08-04T18:56:19Z,CLOSED,False,938162,332171,2122,https://github.com/hramovnik,Android videocapture,408,[],https://github.com/rhomobile/rhodes/pull/892,https://github.com/hramovnik,1,https://github.com/rhomobile/rhodes/pull/892,,,True,{}
rhomobile/rhodes,https://github.com/rhomobile/rhodes,892,2017-08-04T18:41:11Z,2017-08-04T18:53:30Z,2017-08-04T18:56:19Z,CLOSED,False,938162,332171,2122,https://github.com/hramovnik,Android videocapture,408,[],https://github.com/rhomobile/rhodes/pull/892,https://github.com/hramovnik,2,https://github.com/rhomobile/rhodes/pull/892#issuecomment-320327554,,"Ok, I can't delete pull request at all.",True,{}
rhomobile/rhodes,https://github.com/rhomobile/rhodes,893,2017-08-04T19:05:44Z,2017-08-04T19:05:56Z,2017-08-04T19:05:56Z,MERGED,True,49,16,2,https://github.com/hramovnik,VideoCapture callbacks somehow works,1,[],https://github.com/rhomobile/rhodes/pull/893,https://github.com/hramovnik,1,https://github.com/rhomobile/rhodes/pull/893,,,True,{}
rhomobile/rhodes,https://github.com/rhomobile/rhodes,894,2017-08-07T15:25:57Z,2017-08-07T15:26:25Z,2017-08-07T15:26:28Z,MERGED,True,7,1,1,https://github.com/alex-epifanoff,trying to find debug keystore at different locations,1,[],https://github.com/rhomobile/rhodes/pull/894,https://github.com/alex-epifanoff,1,https://github.com/rhomobile/rhodes/pull/894,,,True,{}
rhomobile/rhodes,https://github.com/rhomobile/rhodes,895,2017-08-09T12:37:31Z,2018-04-17T13:23:02Z,2018-04-17T13:23:02Z,CLOSED,False,8099,44,194,https://github.com/alex-epifanoff,5 5 stable product2,27,[],https://github.com/rhomobile/rhodes/pull/895,https://github.com/alex-epifanoff,1,https://github.com/rhomobile/rhodes/pull/895,,,True,{}
rhomobile/rhodes,https://github.com/rhomobile/rhodes,896,2017-08-09T14:40:26Z,2017-08-09T17:23:38Z,2017-08-09T17:23:40Z,MERGED,True,12,2,3,https://github.com/alex-epifanoff,use multitasking for builds,1,[],https://github.com/rhomobile/rhodes/pull/896,https://github.com/alex-epifanoff,1,https://github.com/rhomobile/rhodes/pull/896,,,True,{}
rhomobile/rhodes,https://github.com/rhomobile/rhodes,897,2017-08-15T14:33:19Z,2017-08-15T14:33:48Z,2017-08-15T14:33:48Z,MERGED,True,37,9,4,https://github.com/hramovnik,Win32 checking installed programms,4,[],https://github.com/rhomobile/rhodes/pull/897,https://github.com/hramovnik,1,https://github.com/rhomobile/rhodes/pull/897,,,True,{}
rhomobile/rhodes,https://github.com/rhomobile/rhodes,901,2017-09-19T17:04:44Z,,2020-05-20T14:32:44Z,OPEN,False,7,0,1,https://github.com/alex-epifanoff,re-create DB if its file is corrupted or encrypted with an unknown key,1,[],https://github.com/rhomobile/rhodes/pull/901,https://github.com/alex-epifanoff,1,https://github.com/rhomobile/rhodes/pull/901,,,True,{}
rhomobile/rhodes,https://github.com/rhomobile/rhodes,902,2017-09-25T14:42:43Z,2017-09-25T14:44:33Z,2017-09-25T14:44:33Z,MERGED,True,289,57,17,https://github.com/alex-epifanoff,5 5 stable,8,[],https://github.com/rhomobile/rhodes/pull/902,https://github.com/alex-epifanoff,1,https://github.com/rhomobile/rhodes/pull/902,,,True,{}
rhomobile/rhodes,https://github.com/rhomobile/rhodes,903,2017-09-25T14:46:50Z,2017-09-25T14:49:04Z,2017-09-25T14:49:04Z,MERGED,True,3906,262,75,https://github.com/alex-epifanoff,5 5 stable product1,26,[],https://github.com/rhomobile/rhodes/pull/903,https://github.com/alex-epifanoff,1,https://github.com/rhomobile/rhodes/pull/903,,,True,{}
rhomobile/rhodes,https://github.com/rhomobile/rhodes,904,2017-09-27T14:03:14Z,2017-09-27T14:03:31Z,2017-09-27T14:03:31Z,MERGED,True,1199,474,66,https://github.com/hramovnik,updating from master,30,[],https://github.com/rhomobile/rhodes/pull/904,https://github.com/hramovnik,1,https://github.com/rhomobile/rhodes/pull/904,,,True,{}
rhomobile/rhodes,https://github.com/rhomobile/rhodes,905,2017-09-28T22:39:00Z,2017-09-28T22:39:07Z,2017-09-28T22:39:07Z,MERGED,True,23905,427,64,https://github.com/hramovnik,Uwp extentions,11,[],https://github.com/rhomobile/rhodes/pull/905,https://github.com/hramovnik,1,https://github.com/rhomobile/rhodes/pull/905,,,True,{}
rhomobile/rhodes,https://github.com/rhomobile/rhodes,906,2017-09-29T00:27:47Z,2017-09-29T08:01:05Z,2017-09-29T08:01:05Z,MERGED,True,245,73,12,https://github.com/alex-epifanoff,5 5 stable dpsiservices,5,[],https://github.com/rhomobile/rhodes/pull/906,https://github.com/alex-epifanoff,1,https://github.com/rhomobile/rhodes/pull/906,,,True,{}
rhomobile/rhodes,https://github.com/rhomobile/rhodes,909,2017-10-07T19:06:29Z,2017-10-07T19:35:45Z,2017-10-07T19:35:49Z,MERGED,True,6,2,1,https://github.com/alex-epifanoff,catch invalid characters in percent encoded query,1,[],https://github.com/rhomobile/rhodes/pull/909,https://github.com/alex-epifanoff,1,https://github.com/rhomobile/rhodes/pull/909,,,True,{}
rhomobile/rhodes,https://github.com/rhomobile/rhodes,910,2017-10-12T13:23:41Z,2017-10-13T13:06:19Z,2017-10-13T13:06:22Z,MERGED,True,9229,316,111,https://github.com/alex-epifanoff,6.0.0.1,28,[],https://github.com/rhomobile/rhodes/pull/910,https://github.com/alex-epifanoff,1,https://github.com/rhomobile/rhodes/pull/910,,,True,{}
rhomobile/rhodes,https://github.com/rhomobile/rhodes,911,2017-10-16T20:27:39Z,2017-10-16T20:28:07Z,2017-10-16T20:28:07Z,MERGED,True,161,4,4,https://github.com/alex-epifanoff,Android debug,8,[],https://github.com/rhomobile/rhodes/pull/911,https://github.com/alex-epifanoff,1,https://github.com/rhomobile/rhodes/pull/911,,,True,{}
rhomobile/rhodes,https://github.com/rhomobile/rhodes,912,2017-10-25T19:16:24Z,2017-10-25T19:17:23Z,2017-10-25T19:17:23Z,CLOSED,False,9215,264,82,https://github.com/hramovnik,pull request,39,[],https://github.com/rhomobile/rhodes/pull/912,https://github.com/hramovnik,1,https://github.com/rhomobile/rhodes/pull/912,,,True,{}
rhomobile/rhodes,https://github.com/rhomobile/rhodes,913,2017-10-25T19:21:27Z,2017-10-25T19:22:00Z,2017-10-25T19:22:00Z,MERGED,True,9215,264,82,https://github.com/hramovnik,Updating uwp extentions branch from master,39,[],https://github.com/rhomobile/rhodes/pull/913,https://github.com/hramovnik,1,https://github.com/rhomobile/rhodes/pull/913,,,True,{}
rhomobile/rhodes,https://github.com/rhomobile/rhodes,914,2017-10-27T13:43:39Z,2017-10-27T13:44:40Z,2017-10-27T13:44:40Z,MERGED,True,24358,122,27,https://github.com/hramovnik,Uwp extentions,7,[],https://github.com/rhomobile/rhodes/pull/914,https://github.com/hramovnik,1,https://github.com/rhomobile/rhodes/pull/914,,,True,{}
rhomobile/rhodes,https://github.com/rhomobile/rhodes,915,2017-10-27T14:19:14Z,2017-10-27T14:20:58Z,2017-10-27T14:30:36Z,MERGED,True,109,50,6,https://github.com/alex-epifanoff,Travis,38,[],https://github.com/rhomobile/rhodes/pull/915,https://github.com/alex-epifanoff,1,https://github.com/rhomobile/rhodes/pull/915,,,True,{}
rhomobile/rhodes,https://github.com/rhomobile/rhodes,916,2017-10-27T20:47:00Z,2017-10-27T20:48:12Z,2017-10-27T20:48:12Z,MERGED,True,10,10,3,https://github.com/alex-epifanoff,Travis,42,[],https://github.com/rhomobile/rhodes/pull/916,https://github.com/alex-epifanoff,1,https://github.com/rhomobile/rhodes/pull/916,,,True,{}
rhomobile/rhodes,https://github.com/rhomobile/rhodes,918,2017-11-01T21:49:20Z,2017-11-07T02:53:28Z,2017-11-07T02:53:45Z,MERGED,True,276,19,15,https://github.com/alex-epifanoff,5 5 stable zd566,7,[],https://github.com/rhomobile/rhodes/pull/918,https://github.com/alex-epifanoff,1,https://github.com/rhomobile/rhodes/pull/918,,,True,{}
rhomobile/rhodes,https://github.com/rhomobile/rhodes,919,2017-11-02T16:22:02Z,2018-04-02T15:15:32Z,2018-04-02T15:15:32Z,CLOSED,False,539594,383907,1276,https://github.com/alex-epifanoff,Update libs,39,[],https://github.com/rhomobile/rhodes/pull/919,https://github.com/alex-epifanoff,1,https://github.com/rhomobile/rhodes/pull/919,,,True,{}
rhomobile/rhodes,https://github.com/rhomobile/rhodes,921,2017-11-08T06:37:30Z,2017-11-08T06:37:41Z,2017-11-08T06:37:41Z,MERGED,True,616,569,38,https://github.com/hramovnik,Updating from master,105,[],https://github.com/rhomobile/rhodes/pull/921,https://github.com/hramovnik,1,https://github.com/rhomobile/rhodes/pull/921,,,True,{}
rhomobile/rhodes,https://github.com/rhomobile/rhodes,923,2017-11-10T14:10:01Z,2017-11-10T14:10:09Z,2017-11-10T14:10:09Z,MERGED,True,82,43,6,https://github.com/hramovnik,Updating uwp_extentions branch,6,[],https://github.com/rhomobile/rhodes/pull/923,https://github.com/hramovnik,1,https://github.com/rhomobile/rhodes/pull/923,,,True,{}
rhomobile/rhodes,https://github.com/rhomobile/rhodes,924,2017-11-10T15:05:09Z,2017-11-10T15:05:32Z,2017-11-10T15:05:32Z,MERGED,True,32,5,6,https://github.com/hramovnik,Merging with uwp_extentions,4,[],https://github.com/rhomobile/rhodes/pull/924,https://github.com/hramovnik,1,https://github.com/rhomobile/rhodes/pull/924,,,True,{}
rhomobile/rhodes,https://github.com/rhomobile/rhodes,925,2017-11-10T15:15:35Z,2017-11-10T15:15:48Z,2017-11-10T15:15:48Z,MERGED,True,15,7,3,https://github.com/hramovnik,Merging from master to uwp_extentions,3,[],https://github.com/rhomobile/rhodes/pull/925,https://github.com/hramovnik,1,https://github.com/rhomobile/rhodes/pull/925,,,True,{}
rhomobile/rhodes,https://github.com/rhomobile/rhodes,927,2017-11-13T17:32:38Z,2017-11-13T17:32:55Z,2017-11-16T09:31:14Z,MERGED,True,99,14,12,https://github.com/hramovnik,Uwp extentions,12,[],https://github.com/rhomobile/rhodes/pull/927,https://github.com/hramovnik,1,https://github.com/rhomobile/rhodes/pull/927,,,True,{}
rhomobile/rhodes,https://github.com/rhomobile/rhodes,929,2017-11-19T05:16:27Z,2017-11-20T16:06:16Z,2017-11-20T16:06:21Z,MERGED,True,294,0,10,https://github.com/alex-epifanoff,5 5 stable integrating cookie management,7,[],https://github.com/rhomobile/rhodes/pull/929,https://github.com/alex-epifanoff,1,https://github.com/rhomobile/rhodes/pull/929,@dmitrys don't merge until review!,@dmitrys don't merge until review!,True,{}
rhomobile/rhodes,https://github.com/rhomobile/rhodes,930,2017-11-20T15:24:33Z,2017-11-20T15:24:42Z,2017-11-20T15:24:42Z,MERGED,True,259,14,18,https://github.com/hramovnik,updating from master,17,[],https://github.com/rhomobile/rhodes/pull/930,https://github.com/hramovnik,1,https://github.com/rhomobile/rhodes/pull/930,,,True,{}
rhomobile/rhodes,https://github.com/rhomobile/rhodes,931,2017-11-30T13:41:15Z,2017-11-30T13:42:46Z,2017-11-30T13:42:46Z,MERGED,True,141,17,17,https://github.com/hramovnik,Updating from master,9,[],https://github.com/rhomobile/rhodes/pull/931,https://github.com/hramovnik,1,https://github.com/rhomobile/rhodes/pull/931,,,True,{}
rhomobile/rhodes,https://github.com/rhomobile/rhodes,932,2017-12-01T11:47:58Z,2017-12-01T11:48:20Z,2017-12-01T11:48:21Z,MERGED,True,331886,492340,1427,https://github.com/hramovnik,Openssl 110,53,[],https://github.com/rhomobile/rhodes/pull/932,https://github.com/hramovnik,1,https://github.com/rhomobile/rhodes/pull/932,,,True,{}
rhomobile/rhodes,https://github.com/rhomobile/rhodes,933,2017-12-01T22:57:10Z,2017-12-01T22:57:21Z,2017-12-01T22:57:21Z,MERGED,True,144,694,10,https://github.com/hramovnik,Uwp network,4,[],https://github.com/rhomobile/rhodes/pull/933,https://github.com/hramovnik,1,https://github.com/rhomobile/rhodes/pull/933,,,True,{}
rhomobile/rhodes,https://github.com/rhomobile/rhodes,934,2017-12-02T03:33:48Z,2017-12-02T03:34:28Z,2017-12-02T03:34:28Z,MERGED,True,80,2,11,https://github.com/dmitrys,Ruby transcoders,2,[],https://github.com/rhomobile/rhodes/pull/934,https://github.com/dmitrys,1,https://github.com/rhomobile/rhodes/pull/934,,,True,{}
rhomobile/rhodes,https://github.com/rhomobile/rhodes,935,2017-12-05T17:11:31Z,2017-12-05T18:05:11Z,2017-12-05T21:54:23Z,MERGED,True,26,13,2,https://github.com/alex-epifanoff,Fixing travis,5,[],https://github.com/rhomobile/rhodes/pull/935,https://github.com/alex-epifanoff,1,https://github.com/rhomobile/rhodes/pull/935,,,True,{}
rhomobile/rhodes,https://github.com/rhomobile/rhodes,936,2017-12-05T17:42:25Z,2018-04-02T15:14:53Z,2018-04-02T15:14:53Z,CLOSED,False,49627,1942,147,https://github.com/alex-epifanoff,6 0 stable porting features,206,[],https://github.com/rhomobile/rhodes/pull/936,https://github.com/alex-epifanoff,1,https://github.com/rhomobile/rhodes/pull/936,,,True,{}
rhomobile/rhodes,https://github.com/rhomobile/rhodes,936,2017-12-05T17:42:25Z,2018-04-02T15:14:53Z,2018-04-02T15:14:53Z,CLOSED,False,49627,1942,147,https://github.com/alex-epifanoff,6 0 stable porting features,206,[],https://github.com/rhomobile/rhodes/pull/936,https://github.com/alex-epifanoff,2,https://github.com/rhomobile/rhodes/pull/936#issuecomment-377952290,,seems to be pretty outdated,True,{}
rhomobile/rhodes,https://github.com/rhomobile/rhodes,937,2017-12-22T17:29:55Z,2017-12-24T14:38:52Z,2017-12-24T14:38:52Z,MERGED,True,201,4,8,https://github.com/vmusulainen,5 5 get system info impl,8,[],https://github.com/rhomobile/rhodes/pull/937,https://github.com/vmusulainen,1,https://github.com/rhomobile/rhodes/pull/937,,,True,{}
rhomobile/rhodes,https://github.com/rhomobile/rhodes,938,2017-12-22T17:30:24Z,2017-12-24T14:38:10Z,2017-12-24T14:38:10Z,MERGED,True,200,2,8,https://github.com/vmusulainen,Get system info impl,7,[],https://github.com/rhomobile/rhodes/pull/938,https://github.com/vmusulainen,1,https://github.com/rhomobile/rhodes/pull/938,,,True,{}
rhomobile/rhodes,https://github.com/rhomobile/rhodes,940,2017-12-25T09:38:25Z,2017-12-25T09:39:24Z,2017-12-25T09:39:30Z,MERGED,True,40,3,4,https://github.com/alex-epifanoff,listener-observer implementation for config changes,1,[],https://github.com/rhomobile/rhodes/pull/940,https://github.com/alex-epifanoff,1,https://github.com/rhomobile/rhodes/pull/940,logger listens to minseverity updates,logger listens to minseverity updates,True,{}
rhomobile/rhodes,https://github.com/rhomobile/rhodes,943,2018-02-01T00:41:56Z,2018-03-17T02:10:15Z,2018-03-17T02:10:15Z,MERGED,True,444,413,66,https://github.com/alex-epifanoff,modifying xcode project to add marketing icon to assets,6,[],https://github.com/rhomobile/rhodes/pull/943,https://github.com/alex-epifanoff,1,https://github.com/rhomobile/rhodes/pull/943,,,True,{}
rhomobile/rhodes,https://github.com/rhomobile/rhodes,944,2018-02-27T10:22:04Z,2018-08-02T16:37:19Z,2018-08-02T16:37:19Z,CLOSED,False,7,3,1,https://github.com/ldm314,fix issue with wait_writable method not existing,1,[],https://github.com/rhomobile/rhodes/pull/944,https://github.com/ldm314,1,https://github.com/rhomobile/rhodes/pull/944,"Using net-ldap ruby library, it fails with an error that the wait_writable method doesn't exist. The method wait_writable was added in ruby 2.x.  Instead use IO.select as shown in https://docs.ruby-lang.org/en/2.2.0/Socket.html#method-i-connect_nonblock","Using net-ldap ruby library, it fails with an error that the wait_writable method doesn't exist. The method wait_writable was added in ruby 2.x.  Instead use IO.select as shown in https://docs.ruby-lang.org/en/2.2.0/Socket.html#method-i-connect_nonblock",True,{}
rhomobile/rhodes,https://github.com/rhomobile/rhodes,944,2018-02-27T10:22:04Z,2018-08-02T16:37:19Z,2018-08-02T16:37:19Z,CLOSED,False,7,3,1,https://github.com/ldm314,fix issue with wait_writable method not existing,1,[],https://github.com/rhomobile/rhodes/pull/944,https://github.com/alex-epifanoff,2,https://github.com/rhomobile/rhodes/pull/944#issuecomment-376167414,"Using net-ldap ruby library, it fails with an error that the wait_writable method doesn't exist. The method wait_writable was added in ruby 2.x.  Instead use IO.select as shown in https://docs.ruby-lang.org/en/2.2.0/Socket.html#method-i-connect_nonblock","@ldm314 please see #949
Added missing IO methods native implementation from Ruby VM.  It should me more proper that just fixing socket. Please check if it works for you.",True,{}
rhomobile/rhodes,https://github.com/rhomobile/rhodes,945,2018-03-01T14:19:31Z,2018-03-01T14:19:44Z,2018-03-01T14:19:44Z,MERGED,True,8923,5496,27,https://github.com/dmitrys,update iosassets from master,23,[],https://github.com/rhomobile/rhodes/pull/945,https://github.com/dmitrys,1,https://github.com/rhomobile/rhodes/pull/945,,,True,{}
rhomobile/rhodes,https://github.com/rhomobile/rhodes,946,2018-03-13T17:34:25Z,2018-03-13T17:34:38Z,2018-03-13T17:34:38Z,MERGED,True,1,2,2,https://github.com/dmitrys,update from master,2,[],https://github.com/rhomobile/rhodes/pull/946,https://github.com/dmitrys,1,https://github.com/rhomobile/rhodes/pull/946,,,True,{}
rhomobile/rhodes,https://github.com/rhomobile/rhodes,948,2018-03-23T10:29:46Z,2018-03-26T13:40:22Z,2018-03-26T13:40:22Z,MERGED,True,32,0,2,https://github.com/louisatome,android : Add intent chooser option,1,[],https://github.com/rhomobile/rhodes/pull/948,https://github.com/louisatome,1,https://github.com/rhomobile/rhodes/pull/948,"Recreate PR #877 on the master branch.
The two following remarks are still pending :

I didn't find where are defined the HK_*** constants used by IntentSingleton so I add mine in the singleton class.
I modified the API doc file Intent.xml but i didn't find how to generate the docs to be sure my modification is well formatted.","Recreate PR #877 on the master branch.
The two following remarks are still pending :

I didn't find where are defined the HK_*** constants used by IntentSingleton so I add mine in the singleton class.
I modified the API doc file Intent.xml but i didn't find how to generate the docs to be sure my modification is well formatted.",True,{}
rhomobile/rhodes,https://github.com/rhomobile/rhodes,949,2018-03-26T13:32:00Z,2018-03-26T18:21:01Z,2018-03-26T18:21:01Z,MERGED,True,8,0,1,https://github.com/alex-epifanoff,Ruby adding missing IO methods,1,[],https://github.com/rhomobile/rhodes/pull/949,https://github.com/alex-epifanoff,1,https://github.com/rhomobile/rhodes/pull/949,,,True,{}
rhomobile/rhodes,https://github.com/rhomobile/rhodes,951,2018-04-05T17:08:16Z,,2020-05-20T14:32:44Z,OPEN,False,54,1,2,https://github.com/alex-epifanoff,Network: receive download progress callbacks with 'wantReceiveProgres…,1,[],https://github.com/rhomobile/rhodes/pull/951,https://github.com/alex-epifanoff,1,https://github.com/rhomobile/rhodes/pull/951,…sCallbacks' flag.,…sCallbacks' flag.,True,{}
rhomobile/rhodes,https://github.com/rhomobile/rhodes,952,2018-04-06T15:14:14Z,2018-04-06T15:14:39Z,2018-04-06T15:14:39Z,MERGED,True,794,645,91,https://github.com/dmitrys,merge iOS changes related to latest Apple's requirements,10,[],https://github.com/rhomobile/rhodes/pull/952,https://github.com/dmitrys,1,https://github.com/rhomobile/rhodes/pull/952,"icons, splash, deprecated code, new plist items etc.","icons, splash, deprecated code, new plist items etc.",True,{}
rhomobile/rhodes,https://github.com/rhomobile/rhodes,955,2018-05-01T12:13:33Z,2018-05-07T13:59:45Z,2018-05-07T13:59:49Z,MERGED,True,20,3,5,https://github.com/vmusulainen,externalStorageDirectoryPath,2,[],https://github.com/rhomobile/rhodes/pull/955,https://github.com/vmusulainen,1,https://github.com/rhomobile/rhodes/pull/955,,,True,{}
rhomobile/rhodes,https://github.com/rhomobile/rhodes,955,2018-05-01T12:13:33Z,2018-05-07T13:59:45Z,2018-05-07T13:59:49Z,MERGED,True,20,3,5,https://github.com/vmusulainen,externalStorageDirectoryPath,2,[],https://github.com/rhomobile/rhodes/pull/955,https://github.com/vmusulainen,2,https://github.com/rhomobile/rhodes/pull/955#issuecomment-386648578,,"system.xml is fixed
specs are added to auto/manual tests",True,{}
rhomobile/rhodes,https://github.com/rhomobile/rhodes,956,2018-05-06T20:11:53Z,2018-05-08T21:47:35Z,2018-05-08T21:47:35Z,MERGED,True,253,170,22,https://github.com/alex-epifanoff,Zd674,8,[],https://github.com/rhomobile/rhodes/pull/956,https://github.com/alex-epifanoff,1,https://github.com/rhomobile/rhodes/pull/956,,,True,{}
rhomobile/rhodes,https://github.com/rhomobile/rhodes,958,2018-06-08T18:24:55Z,2018-06-13T12:59:16Z,2018-06-13T12:59:16Z,MERGED,True,7,0,1,https://github.com/akaquazzar,fix https://tautechnologies.zendesk.com/agent/tickets/684,1,[],https://github.com/rhomobile/rhodes/pull/958,https://github.com/akaquazzar,1,https://github.com/rhomobile/rhodes/pull/958,,,True,{}
rhomobile/rhodes,https://github.com/rhomobile/rhodes,960,2018-07-03T15:43:59Z,2018-07-03T15:44:18Z,2018-07-03T15:44:18Z,MERGED,True,2,9,2,https://github.com/hramovnik,merging master to sailfish branch,2,[],https://github.com/rhomobile/rhodes/pull/960,https://github.com/hramovnik,1,https://github.com/rhomobile/rhodes/pull/960,,,True,{}
rhomobile/rhodes,https://github.com/rhomobile/rhodes,962,2018-07-18T17:12:17Z,2018-08-22T17:40:39Z,2018-08-22T17:40:47Z,MERGED,True,14341,1820,13,https://github.com/alex-epifanoff,updating Date to Ruby 2.3,4,[],https://github.com/rhomobile/rhodes/pull/962,https://github.com/alex-epifanoff,1,https://github.com/rhomobile/rhodes/pull/962,,,True,{}
rhomobile/rhodes,https://github.com/rhomobile/rhodes,963,2018-07-24T10:36:21Z,2018-07-24T10:37:54Z,2018-07-24T10:37:55Z,MERGED,True,88908,7375,3378,https://github.com/hramovnik,Updating ndk16 branch from master,190,[],https://github.com/rhomobile/rhodes/pull/963,https://github.com/hramovnik,1,https://github.com/rhomobile/rhodes/pull/963,,,True,{}
rhomobile/rhodes,https://github.com/rhomobile/rhodes,964,2018-08-01T16:13:50Z,2018-09-11T01:58:06Z,2018-09-11T01:58:06Z,MERGED,True,20871,12599,238,https://github.com/hramovnik,Sailfish support,190,[],https://github.com/rhomobile/rhodes/pull/964,https://github.com/hramovnik,1,https://github.com/rhomobile/rhodes/pull/964,,,True,{}
rhomobile/rhodes,https://github.com/rhomobile/rhodes,965,2018-08-02T16:45:49Z,2018-08-21T20:07:24Z,2018-08-21T20:07:24Z,CLOSED,False,543351,498617,2726,https://github.com/alex-epifanoff,Fixating 6-0 branch,598,[],https://github.com/rhomobile/rhodes/pull/965,https://github.com/alex-epifanoff,1,https://github.com/rhomobile/rhodes/pull/965,,,True,{}
rhomobile/rhodes,https://github.com/rhomobile/rhodes,966,2018-08-03T15:20:06Z,2018-08-03T15:20:49Z,2018-08-03T15:20:49Z,MERGED,True,4329,620,71,https://github.com/dmitrys,extract Bluetooth to extension on iOS and Android,1,[],https://github.com/rhomobile/rhodes/pull/966,https://github.com/dmitrys,1,https://github.com/rhomobile/rhodes/pull/966,,,True,{}
rhomobile/rhodes,https://github.com/rhomobile/rhodes,968,2018-08-14T13:54:28Z,2018-08-14T13:54:47Z,2018-08-14T13:54:47Z,MERGED,True,6,3,3,https://github.com/dmitrys,update ios12_support branch from master,5,[],https://github.com/rhomobile/rhodes/pull/968,https://github.com/dmitrys,1,https://github.com/rhomobile/rhodes/pull/968,,,True,{}
rhomobile/rhodes,https://github.com/rhomobile/rhodes,969,2018-08-14T20:17:29Z,2018-08-14T20:18:42Z,2018-08-14T20:18:42Z,MERGED,True,395,343,71,https://github.com/dmitrys,XCode 10 and iOS 12 SDK support,5,[],https://github.com/rhomobile/rhodes/pull/969,https://github.com/dmitrys,1,https://github.com/rhomobile/rhodes/pull/969,,,True,{}
rhomobile/rhodes,https://github.com/rhomobile/rhodes,970,2018-08-21T16:27:16Z,2018-08-21T16:27:26Z,2018-08-21T16:27:26Z,MERGED,True,395,343,71,https://github.com/dmitrys,update from master,6,[],https://github.com/rhomobile/rhodes/pull/970,https://github.com/dmitrys,1,https://github.com/rhomobile/rhodes/pull/970,,,True,{}
rhomobile/rhodes,https://github.com/rhomobile/rhodes,971,2018-09-03T13:26:33Z,2018-09-03T13:27:05Z,2018-09-03T13:27:05Z,MERGED,True,583,251,18,https://github.com/alex-epifanoff,Ndk16,31,[],https://github.com/rhomobile/rhodes/pull/971,https://github.com/alex-epifanoff,1,https://github.com/rhomobile/rhodes/pull/971,,,True,{}
rhomobile/rhodes,https://github.com/rhomobile/rhodes,972,2018-09-11T01:54:23Z,2018-09-11T01:58:58Z,2018-09-11T01:58:58Z,MERGED,True,15481,2252,78,https://github.com/dmitrys,update sailfish support,86,[],https://github.com/rhomobile/rhodes/pull/972,https://github.com/dmitrys,1,https://github.com/rhomobile/rhodes/pull/972,,,True,{}
rhomobile/rhodes,https://github.com/rhomobile/rhodes,973,2018-09-12T03:19:02Z,2018-09-12T03:19:15Z,2018-09-12T03:19:15Z,MERGED,True,94,39,30,https://github.com/dmitrys,update sailfish_support branch,3,[],https://github.com/rhomobile/rhodes/pull/973,https://github.com/dmitrys,1,https://github.com/rhomobile/rhodes/pull/973,,,True,{}
rhomobile/rhodes,https://github.com/rhomobile/rhodes,974,2018-09-12T03:20:25Z,2018-09-12T03:20:53Z,2018-09-12T03:20:53Z,MERGED,True,20885,12601,238,https://github.com/dmitrys,add Sailfish OS support,196,[],https://github.com/rhomobile/rhodes/pull/974,https://github.com/dmitrys,1,https://github.com/rhomobile/rhodes/pull/974,,,True,{}
rhomobile/rhodes,https://github.com/rhomobile/rhodes,977,2018-10-11T14:41:00Z,2018-10-11T14:41:09Z,2018-10-11T14:41:16Z,MERGED,True,28,0,1,https://github.com/hramovnik,android: adding bsd_signal function,1,[],https://github.com/rhomobile/rhodes/pull/977,https://github.com/hramovnik,1,https://github.com/rhomobile/rhodes/pull/977,,,True,{}
rhomobile/rhodes,https://github.com/rhomobile/rhodes,978,2018-11-25T03:25:54Z,2018-11-25T03:26:19Z,2018-11-25T03:26:26Z,MERGED,True,12,76,2,https://github.com/alex-epifanoff,Travis tune,5,[],https://github.com/rhomobile/rhodes/pull/978,https://github.com/alex-epifanoff,1,https://github.com/rhomobile/rhodes/pull/978,,,True,{}
rhomobile/rhodes,https://github.com/rhomobile/rhodes,979,2018-11-25T06:59:01Z,2018-11-25T06:59:19Z,2018-11-25T06:59:22Z,MERGED,True,0,0,1,https://github.com/alex-epifanoff,+x for install.sh,1,[],https://github.com/rhomobile/rhodes/pull/979,https://github.com/alex-epifanoff,1,https://github.com/rhomobile/rhodes/pull/979,,,True,{}
rhomobile/rhodes,https://github.com/rhomobile/rhodes,980,2018-11-25T07:32:20Z,2018-11-25T07:33:06Z,2018-11-25T07:33:10Z,MERGED,True,12,66,3,https://github.com/alex-epifanoff,6 1 travis tune,4,[],https://github.com/rhomobile/rhodes/pull/980,https://github.com/alex-epifanoff,1,https://github.com/rhomobile/rhodes/pull/980,,,True,{}
rhomobile/rhodes,https://github.com/rhomobile/rhodes,981,2018-11-28T12:55:11Z,2018-11-28T17:43:48Z,2018-11-28T17:43:51Z,MERGED,True,126,23,14,https://github.com/hramovnik,6 1 stable sqlite bc,6,[],https://github.com/rhomobile/rhodes/pull/981,https://github.com/hramovnik,1,https://github.com/rhomobile/rhodes/pull/981,,,True,{}
rhomobile/rhodes,https://github.com/rhomobile/rhodes,982,2018-11-29T14:49:46Z,2018-11-29T15:13:37Z,2018-11-29T15:13:37Z,MERGED,True,639,11,14,https://github.com/alex-epifanoff,Feature notification reminder,13,[],https://github.com/rhomobile/rhodes/pull/982,https://github.com/alex-epifanoff,1,https://github.com/rhomobile/rhodes/pull/982,,,True,{}
rhomobile/rhodes,https://github.com/rhomobile/rhodes,983,2018-12-04T04:46:10Z,2018-12-04T04:46:47Z,2018-12-04T04:46:47Z,MERGED,True,796,21,22,https://github.com/alex-epifanoff,6 1 stable backport alarms,4,[],https://github.com/rhomobile/rhodes/pull/983,https://github.com/alex-epifanoff,1,https://github.com/rhomobile/rhodes/pull/983,,,True,{}
rhomobile/rhodes,https://github.com/rhomobile/rhodes,984,2018-12-04T06:38:23Z,2018-12-04T09:02:52Z,2018-12-04T09:02:52Z,MERGED,True,5,12,2,https://github.com/alex-epifanoff,travis: build OSX Rhosim,1,[],https://github.com/rhomobile/rhodes/pull/984,https://github.com/alex-epifanoff,1,https://github.com/rhomobile/rhodes/pull/984,,,True,{}
rhomobile/rhodes,https://github.com/rhomobile/rhodes,986,2018-12-25T20:09:53Z,2019-08-28T13:58:56Z,2019-08-28T13:58:56Z,CLOSED,False,20,19,3,https://github.com/alex-epifanoff,Fixing fcm,7,[],https://github.com/rhomobile/rhodes/pull/986,https://github.com/alex-epifanoff,1,https://github.com/rhomobile/rhodes/pull/986,,,True,{}
rhomobile/rhodes,https://github.com/rhomobile/rhodes,987,2019-01-12T01:04:49Z,2019-01-12T01:19:21Z,2019-01-12T01:19:24Z,MERGED,True,7,3,1,https://github.com/alex-epifanoff,fix notification scheduling after exit application,1,[],https://github.com/rhomobile/rhodes/pull/987,https://github.com/alex-epifanoff,1,https://github.com/rhomobile/rhodes/pull/987,,,True,{}
rhomobile/rhodes,https://github.com/rhomobile/rhodes,988,2019-01-20T00:26:56Z,2019-01-20T00:27:58Z,2019-01-20T00:27:58Z,MERGED,True,92,7,5,https://github.com/alex-epifanoff,6 1 stable fix gc,2,[],https://github.com/rhomobile/rhodes/pull/988,https://github.com/alex-epifanoff,1,https://github.com/rhomobile/rhodes/pull/988,,,True,{}
rhomobile/rhodes,https://github.com/rhomobile/rhodes,989,2019-02-07T16:35:23Z,2019-02-08T14:11:54Z,2019-02-08T14:11:54Z,MERGED,True,378,7,26,https://github.com/akaquazzar,Featrue secure auth,13,[],https://github.com/rhomobile/rhodes/pull/989,https://github.com/akaquazzar,1,https://github.com/rhomobile/rhodes/pull/989,,,True,{}
rhomobile/rhodes,https://github.com/rhomobile/rhodes,990,2019-02-15T10:44:33Z,2019-02-15T15:39:01Z,2019-02-15T15:40:18Z,MERGED,True,38,24,7,https://github.com/hramovnik,Rhoruby fix,4,[],https://github.com/rhomobile/rhodes/pull/990,https://github.com/hramovnik,1,https://github.com/rhomobile/rhodes/pull/990,,,True,{}
rhomobile/rhodes,https://github.com/rhomobile/rhodes,991,2019-02-22T00:19:15Z,2019-02-22T00:19:53Z,2019-02-22T00:19:56Z,MERGED,True,31,20,2,https://github.com/alex-epifanoff,Ci inventorydemo,4,[],https://github.com/rhomobile/rhodes/pull/991,https://github.com/alex-epifanoff,1,https://github.com/rhomobile/rhodes/pull/991,,,True,{}
rhomobile/rhodes,https://github.com/rhomobile/rhodes,992,2019-02-23T00:35:40Z,2019-02-23T00:36:48Z,2019-02-23T00:36:48Z,MERGED,True,70,49,20,https://github.com/dmitrys,6 1 stable security fixes,2,[],https://github.com/rhomobile/rhodes/pull/992,https://github.com/dmitrys,1,https://github.com/rhomobile/rhodes/pull/992,,,True,{}
rhomobile/rhodes,https://github.com/rhomobile/rhodes,993,2019-03-06T19:52:24Z,2019-03-11T07:22:51Z,2019-03-11T07:22:55Z,MERGED,True,2,2,2,https://github.com/vmusulainen,Nokogiri version changed,2,[],https://github.com/rhomobile/rhodes/pull/993,https://github.com/vmusulainen,1,https://github.com/rhomobile/rhodes/pull/993,,,True,{}
rhomobile/rhodes,https://github.com/rhomobile/rhodes,994,2019-03-09T01:44:12Z,2019-03-09T01:44:35Z,2019-03-09T01:44:41Z,MERGED,True,27,3,2,https://github.com/alex-epifanoff,Fix zendesk1845,2,[],https://github.com/rhomobile/rhodes/pull/994,https://github.com/alex-epifanoff,1,https://github.com/rhomobile/rhodes/pull/994,,,True,{}
rhomobile/rhodes,https://github.com/rhomobile/rhodes,995,2019-04-29T15:48:10Z,2019-04-29T15:48:27Z,2019-04-29T15:48:27Z,MERGED,True,7324,334,112,https://github.com/dmitrys,Extract ruby to lib,16,[],https://github.com/rhomobile/rhodes/pull/995,https://github.com/dmitrys,1,https://github.com/rhomobile/rhodes/pull/995,add Rhodes Ruby standalone lib mode for iOS,add Rhodes Ruby standalone lib mode for iOS,True,{}
rhomobile/rhodes,https://github.com/rhomobile/rhodes,996,2019-05-10T14:32:53Z,2019-05-10T14:33:07Z,2019-05-10T14:33:07Z,MERGED,True,471,173,13,https://github.com/dmitrys,update branch,17,[],https://github.com/rhomobile/rhodes/pull/996,https://github.com/dmitrys,1,https://github.com/rhomobile/rhodes/pull/996,,,True,{}
rhomobile/rhodes,https://github.com/rhomobile/rhodes,997,2019-05-13T14:50:04Z,2019-05-13T14:51:05Z,2019-05-13T14:51:10Z,MERGED,True,33,6,6,https://github.com/alex-epifanoff,7 0 backport cleartext,3,[],https://github.com/rhomobile/rhodes/pull/997,https://github.com/alex-epifanoff,1,https://github.com/rhomobile/rhodes/pull/997,,,True,{}
rhomobile/rhodes,https://github.com/rhomobile/rhodes,998,2019-05-23T01:24:12Z,2019-05-23T01:24:34Z,2019-05-23T01:24:34Z,MERGED,True,1248,13,27,https://github.com/dmitrys,Extract ruby to lib,5,[],https://github.com/rhomobile/rhodes/pull/998,https://github.com/dmitrys,1,https://github.com/rhomobile/rhodes/pull/998,,,True,{}
rhomobile/rhodes,https://github.com/rhomobile/rhodes,999,2019-05-23T09:49:45Z,2019-05-23T12:02:56Z,2019-05-23T12:02:56Z,MERGED,True,823,10,19,https://github.com/akaquazzar,Rhodes aar,13,[],https://github.com/rhomobile/rhodes/pull/999,https://github.com/akaquazzar,1,https://github.com/rhomobile/rhodes/pull/999,,,True,{}
rhomobile/rhodes,https://github.com/rhomobile/rhodes,1000,2019-05-28T20:46:16Z,2019-05-28T21:49:22Z,2019-05-28T21:49:26Z,MERGED,True,24,4,1,https://github.com/alex-epifanoff,implement X509TrustManagerExtensions,1,[],https://github.com/rhomobile/rhodes/pull/1000,https://github.com/alex-epifanoff,1,https://github.com/rhomobile/rhodes/pull/1000,,,True,{}
rhomobile/rhodes,https://github.com/rhomobile/rhodes,1001,2019-06-07T06:53:41Z,2019-08-28T13:58:22Z,2019-08-28T13:58:22Z,CLOSED,False,1,2,3,https://github.com/ldm314,fix issue with windows 10 1809 update,1,[],https://github.com/rhomobile/rhodes/pull/1001,https://github.com/ldm314,1,https://github.com/rhomobile/rhodes/pull/1001,This fixes the segfault running on win 10: #985,This fixes the segfault running on win 10: #985,True,{}
rhomobile/rhodes,https://github.com/rhomobile/rhodes,1002,2019-06-24T15:58:27Z,2019-06-24T19:29:42Z,2019-06-24T19:29:42Z,CLOSED,False,726,275,27,https://github.com/alex-epifanoff,Clang support,18,[],https://github.com/rhomobile/rhodes/pull/1002,https://github.com/alex-epifanoff,1,https://github.com/rhomobile/rhodes/pull/1002,,,True,{}
rhomobile/rhodes,https://github.com/rhomobile/rhodes,1003,2019-06-24T17:19:01Z,2019-06-24T19:29:25Z,2019-06-24T19:29:26Z,MERGED,True,725,81,26,https://github.com/alex-epifanoff,Clang support merge,15,[],https://github.com/rhomobile/rhodes/pull/1003,https://github.com/alex-epifanoff,1,https://github.com/rhomobile/rhodes/pull/1003,,,True,{}
rhomobile/rhodes,https://github.com/rhomobile/rhodes,1004,2019-07-01T13:14:26Z,2019-07-01T13:14:56Z,2019-07-01T13:14:56Z,MERGED,True,926,63,41,https://github.com/akaquazzar,Rhodes library win32,7,[],https://github.com/rhomobile/rhodes/pull/1004,https://github.com/akaquazzar,1,https://github.com/rhomobile/rhodes/pull/1004,,,True,{}
rhomobile/rhodes,https://github.com/rhomobile/rhodes,1005,2019-07-16T01:15:47Z,2019-07-17T19:38:00Z,2019-07-17T19:38:00Z,MERGED,True,169,163,5,https://github.com/alex-epifanoff,Android ext build refactoring,5,[],https://github.com/rhomobile/rhodes/pull/1005,https://github.com/alex-epifanoff,1,https://github.com/rhomobile/rhodes/pull/1005,,,True,{}
rhomobile/rhodes,https://github.com/rhomobile/rhodes,1008,2019-07-23T07:19:39Z,2019-07-23T23:40:54Z,2019-07-23T23:40:58Z,MERGED,True,1479,8304,137,https://github.com/akaquazzar,Fix 2376,3,[],https://github.com/rhomobile/rhodes/pull/1008,https://github.com/akaquazzar,1,https://github.com/rhomobile/rhodes/pull/1008,,,True,{}
rhomobile/rhodes,https://github.com/rhomobile/rhodes,1009,2019-07-25T13:40:34Z,2019-07-25T13:41:13Z,2019-07-25T13:41:18Z,MERGED,True,5,5,1,https://github.com/alex-epifanoff,native build on minSDK level,1,[],https://github.com/rhomobile/rhodes/pull/1009,https://github.com/alex-epifanoff,1,https://github.com/rhomobile/rhodes/pull/1009,,,True,{}
rhomobile/rhodes,https://github.com/rhomobile/rhodes,1011,2019-08-02T02:02:25Z,2019-08-02T03:02:23Z,2019-08-02T03:02:26Z,MERGED,True,3,3,1,https://github.com/alex-epifanoff,travis: disable RVM cache,3,[],https://github.com/rhomobile/rhodes/pull/1011,https://github.com/alex-epifanoff,1,https://github.com/rhomobile/rhodes/pull/1011,,,True,{}
rhomobile/rhodes,https://github.com/rhomobile/rhodes,1012,2019-08-09T15:08:46Z,2020-04-06T10:58:04Z,2020-04-06T10:58:04Z,CLOSED,False,1687,366,104,https://github.com/hramovnik,Linux support,68,[],https://github.com/rhomobile/rhodes/pull/1012,https://github.com/hramovnik,1,https://github.com/rhomobile/rhodes/pull/1012,,,True,{}
rhomobile/rhodes,https://github.com/rhomobile/rhodes,1012,2019-08-09T15:08:46Z,2020-04-06T10:58:04Z,2020-04-06T10:58:04Z,CLOSED,False,1687,366,104,https://github.com/hramovnik,Linux support,68,[],https://github.com/rhomobile/rhodes/pull/1012,https://github.com/hramovnik,2,https://github.com/rhomobile/rhodes/pull/1012#issuecomment-522868567,,"Won't we break Sailfish compatibility with that? I see some files where Sailfish was replaced to Linux.

Nope. If we define OS_SAILFISH we also define OS_LINUX. Too many common structs and actions but still they have some difference. Still, I'll check it later.",True,{}
rhomobile/rhodes,https://github.com/rhomobile/rhodes,1013,2019-08-09T16:23:16Z,2019-08-09T16:23:36Z,2019-08-09T16:23:36Z,MERGED,True,1603,8363,146,https://github.com/hramovnik,updating from master,20,[],https://github.com/rhomobile/rhodes/pull/1013,https://github.com/hramovnik,1,https://github.com/rhomobile/rhodes/pull/1013,,,True,{}
rhomobile/rhodes,https://github.com/rhomobile/rhodes,1015,2019-08-19T18:40:00Z,2019-08-28T13:57:58Z,2019-08-28T13:58:02Z,MERGED,True,25,6,3,https://github.com/alex-epifanoff,update specs generator for new mspec,1,[],https://github.com/rhomobile/rhodes/pull/1015,https://github.com/alex-epifanoff,1,https://github.com/rhomobile/rhodes/pull/1015,,,True,{}
rhomobile/rhodes,https://github.com/rhomobile/rhodes,1016,2019-08-19T18:41:09Z,2019-08-28T13:54:58Z,2019-08-28T13:55:10Z,CLOSED,False,1797,1272,63,https://github.com/alex-epifanoff,Update rexml,3,[],https://github.com/rhomobile/rhodes/pull/1016,https://github.com/alex-epifanoff,1,https://github.com/rhomobile/rhodes/pull/1016,,,True,{}
rhomobile/rhodes,https://github.com/rhomobile/rhodes,1017,2019-09-05T14:33:41Z,2019-09-05T15:32:51Z,2019-09-05T15:32:54Z,MERGED,True,2,2,2,https://github.com/alex-epifanoff,updating nokogiri version,1,[],https://github.com/rhomobile/rhodes/pull/1017,https://github.com/alex-epifanoff,1,https://github.com/rhomobile/rhodes/pull/1017,,,True,{}
rhomobile/rhodes,https://github.com/rhomobile/rhodes,1018,2019-09-05T18:10:29Z,2019-09-06T00:49:29Z,2019-09-06T00:49:29Z,CLOSED,False,42,12,4,https://github.com/dmitrys,fix issues related to Citrix on iOS,2,[],https://github.com/rhomobile/rhodes/pull/1018,https://github.com/dmitrys,1,https://github.com/rhomobile/rhodes/pull/1018,,,True,{}
rhomobile/rhodes,https://github.com/rhomobile/rhodes,1019,2019-09-06T04:48:08Z,2019-09-06T04:48:36Z,2019-09-06T04:48:36Z,MERGED,True,73,27,6,https://github.com/dmitrys,Citrix support ZD700,3,[],https://github.com/rhomobile/rhodes/pull/1019,https://github.com/dmitrys,1,https://github.com/rhomobile/rhodes/pull/1019,,,True,{}
rhomobile/rhodes,https://github.com/rhomobile/rhodes,1020,2019-10-02T16:19:15Z,2019-10-03T15:32:48Z,2019-10-03T15:32:48Z,MERGED,True,11,2,2,https://github.com/nhinze,Fix crash on audio capture and GPS if no permission on Android,5,[],https://github.com/rhomobile/rhodes/pull/1020,https://github.com/nhinze,1,https://github.com/rhomobile/rhodes/pull/1020,Also properly calls record audio callback on error.,Also properly calls record audio callback on error.,True,{}
rhomobile/rhodes,https://github.com/rhomobile/rhodes,1021,2019-10-03T13:16:21Z,2019-10-09T17:52:42Z,2019-10-09T17:52:42Z,CLOSED,False,1,0,1,https://github.com/nhinze,Reset rho_sync_user after db client reset and logout,1,[],https://github.com/rhomobile/rhodes/pull/1021,https://github.com/nhinze,1,https://github.com/rhomobile/rhodes/pull/1021,"This PR also needs this PR in rhoconnect-client:
rhomobile/rhoconnect-client#26","This PR also needs this PR in rhoconnect-client:
rhomobile/rhoconnect-client#26",True,{}
rhomobile/rhodes,https://github.com/rhomobile/rhodes,1022,2019-10-03T16:12:27Z,2019-10-03T16:26:16Z,2019-10-03T16:26:21Z,MERGED,True,0,1,1,https://github.com/hramovnik,win32: reversing debug production mode,1,[],https://github.com/rhomobile/rhodes/pull/1022,https://github.com/hramovnik,1,https://github.com/rhomobile/rhodes/pull/1022,,,True,{}
rhomobile/rhodes,https://github.com/rhomobile/rhodes,1023,2019-10-03T18:56:26Z,2019-10-03T18:56:55Z,2019-10-03T18:56:55Z,MERGED,True,1006,87,26,https://github.com/hramovnik,Pull request from master to linux branch,22,[],https://github.com/rhomobile/rhodes/pull/1023,https://github.com/hramovnik,1,https://github.com/rhomobile/rhodes/pull/1023,,,True,{}
rhomobile/rhodes,https://github.com/rhomobile/rhodes,1024,2019-10-10T14:19:17Z,2019-10-10T14:19:45Z,2019-10-10T14:19:45Z,MERGED,True,1686,366,104,https://github.com/hramovnik,Linux support,67,[],https://github.com/rhomobile/rhodes/pull/1024,https://github.com/hramovnik,1,https://github.com/rhomobile/rhodes/pull/1024,,,True,{}
rhomobile/rhodes,https://github.com/rhomobile/rhodes,1027,2020-02-03T18:17:00Z,2020-02-03T19:28:29Z,2020-05-07T13:31:09Z,MERGED,True,4,0,1,https://github.com/hramovnik,all: fixing socket leakage in http server,1,[],https://github.com/rhomobile/rhodes/pull/1027,https://github.com/hramovnik,1,https://github.com/rhomobile/rhodes/pull/1027,,,True,{}
rhomobile/rhodes,https://github.com/rhomobile/rhodes,1028,2020-02-18T11:59:50Z,2020-02-18T12:00:12Z,2020-02-18T12:00:17Z,MERGED,True,2,1,1,https://github.com/akaquazzar,Fix ci openssl error,2,[],https://github.com/rhomobile/rhodes/pull/1028,https://github.com/akaquazzar,1,https://github.com/rhomobile/rhodes/pull/1028,,,True,{}
rhomobile/rhodes,https://github.com/rhomobile/rhodes,1030,2020-02-21T18:19:41Z,2020-05-12T21:00:11Z,2020-05-14T15:59:34Z,MERGED,True,3651,242,29,https://github.com/hramovnik,Android: adding new version of barcode recognizer that uses Google API,23,[],https://github.com/rhomobile/rhodes/pull/1030,https://github.com/hramovnik,1,https://github.com/rhomobile/rhodes/pull/1030,,,True,{}
rhomobile/rhodes,https://github.com/rhomobile/rhodes,1030,2020-02-21T18:19:41Z,2020-05-12T21:00:11Z,2020-05-14T15:59:34Z,MERGED,True,3651,242,29,https://github.com/hramovnik,Android: adding new version of barcode recognizer that uses Google API,23,[],https://github.com/rhomobile/rhodes/pull/1030,https://github.com/hramovnik,2,https://github.com/rhomobile/rhodes/pull/1030#issuecomment-627590450,,"In build.yml in android section add: barcode_engine: ""google""
Properties:
allDecoders - Barcode format constant representing the union of all supported formats.
aztec - Barcode format constant for AZTEC.
codabar - Barcode format constant for Codabar.
code128 - Barcode format constant for Code 128.
code39 - Barcode format constant for Code 39.
code93 - Barcode format constant for Code 93.
dataMatrix - Barcode format constant for Data Matrix.
ean13 - Barcode format constant for EAN-13.
ean8 - Barcode format constant for EAN-8.
isbn - Barcode value format constant for ISBNs.
itf - Barcode format constant for ITF (Interleaved Two-of-Five).
pdf417 - Barcode format constant for PDF-417.
qrCode - Barcode format constant for QR Code.
upca - Barcode format constant for UPC-A.
upce - Barcode format constant for UPC-E.",True,{}
rhomobile/rhodes,https://github.com/rhomobile/rhodes,1031,2020-03-13T23:29:41Z,2020-03-13T23:30:15Z,2020-04-08T10:54:49Z,MERGED,True,240,222,19,https://github.com/hramovnik,Migration to Qt 5.13 and msvs2017,7,[],https://github.com/rhomobile/rhodes/pull/1031,https://github.com/hramovnik,1,https://github.com/rhomobile/rhodes/pull/1031,,,True,{}
rhomobile/rhodes,https://github.com/rhomobile/rhodes,1032,2020-04-06T11:01:21Z,2020-04-06T12:24:39Z,2020-04-06T12:24:39Z,CLOSED,False,1472,626,69,https://github.com/hramovnik,Updates from master,33,[],https://github.com/rhomobile/rhodes/pull/1032,https://github.com/hramovnik,1,https://github.com/rhomobile/rhodes/pull/1032,,,True,{}
rhomobile/rhodes,https://github.com/rhomobile/rhodes,1033,2020-04-08T10:50:39Z,2020-04-08T10:51:20Z,2020-05-07T13:30:31Z,MERGED,True,1676,346,104,https://github.com/hramovnik,Linux support,72,[],https://github.com/rhomobile/rhodes/pull/1033,https://github.com/hramovnik,1,https://github.com/rhomobile/rhodes/pull/1033,,,True,{}
rhomobile/rhodes,https://github.com/rhomobile/rhodes,1034,2020-04-08T10:51:49Z,2020-04-08T10:52:18Z,2020-04-08T10:54:56Z,CLOSED,False,4,3,2,https://github.com/hramovnik,linux: rhosim on travis try 1,1,[],https://github.com/rhomobile/rhodes/pull/1034,https://github.com/hramovnik,1,https://github.com/rhomobile/rhodes/pull/1034,,,True,{}
rhomobile/rhodes,https://github.com/rhomobile/rhodes,1035,2020-04-08T10:53:46Z,2020-04-08T10:54:08Z,2020-04-08T10:54:56Z,MERGED,True,4,3,2,https://github.com/hramovnik,OSX: changing Qt version for rhosim build on travis,1,[],https://github.com/rhomobile/rhodes/pull/1035,https://github.com/hramovnik,1,https://github.com/rhomobile/rhodes/pull/1035,,,True,{}
rhomobile/rhodes,https://github.com/rhomobile/rhodes,1036,2020-04-15T18:03:18Z,2020-04-15T18:03:41Z,2020-05-07T13:30:22Z,MERGED,True,138,55,15,https://github.com/hramovnik,Redos support,31,[],https://github.com/rhomobile/rhodes/pull/1036,https://github.com/hramovnik,1,https://github.com/rhomobile/rhodes/pull/1036,,,True,{}
rhomobile/rhodes,https://github.com/rhomobile/rhodes,1037,2020-04-27T17:02:38Z,2020-04-27T17:02:55Z,2020-05-07T13:30:04Z,MERGED,True,348,188,17,https://github.com/hramovnik,Aurora support,4,[],https://github.com/rhomobile/rhodes/pull/1037,https://github.com/hramovnik,1,https://github.com/rhomobile/rhodes/pull/1037,,,True,{}
rhomobile/rhodes,https://github.com/rhomobile/rhodes,1038,2020-04-28T13:31:59Z,2020-04-28T15:40:51Z,2020-04-28T15:40:51Z,MERGED,True,8445,4611,97,https://github.com/akaquazzar,Ssl local server,14,[],https://github.com/rhomobile/rhodes/pull/1038,https://github.com/akaquazzar,1,https://github.com/rhomobile/rhodes/pull/1038,,,True,{}
rhomobile/rhodes,https://github.com/rhomobile/rhodes,1039,2020-05-07T13:27:03Z,2020-05-07T13:29:09Z,2020-05-07T13:29:58Z,MERGED,True,54,14,3,https://github.com/hramovnik,Rosa support,23,[],https://github.com/rhomobile/rhodes/pull/1039,https://github.com/hramovnik,1,https://github.com/rhomobile/rhodes/pull/1039,,,True,{}
rhomobile/rhodes,https://github.com/rhomobile/rhodes,1040,2020-05-13T15:11:17Z,2020-05-17T18:22:05Z,2020-05-22T02:53:38Z,MERGED,True,467,471,27,https://github.com/alex-epifanoff,Ruby27,65,[],https://github.com/rhomobile/rhodes/pull/1040,https://github.com/alex-epifanoff,1,https://github.com/rhomobile/rhodes/pull/1040,,,True,{}
rhomobile/rhodes,https://github.com/rhomobile/rhodes,1041,2020-05-13T18:02:16Z,2020-05-14T20:46:59Z,2020-05-14T20:47:09Z,MERGED,True,41943,10431,343,https://github.com/vmusulainen,Migration to bootstrap 4,2,[],https://github.com/rhomobile/rhodes/pull/1041,https://github.com/vmusulainen,1,https://github.com/rhomobile/rhodes/pull/1041,,,True,{}
rhomobile/rhodes,https://github.com/rhomobile/rhodes,1042,2020-05-14T23:47:36Z,2020-05-14T23:53:12Z,2020-05-14T23:53:12Z,MERGED,True,152,26,14,https://github.com/alex-epifanoff,Add more test on travis,17,[],https://github.com/rhomobile/rhodes/pull/1042,https://github.com/alex-epifanoff,1,https://github.com/rhomobile/rhodes/pull/1042,,,True,{}
rhomobile/rhodes,https://github.com/rhomobile/rhodes,1043,2020-05-18T16:44:29Z,2020-05-21T18:31:29Z,2020-05-22T02:53:32Z,MERGED,True,125,116,8,https://github.com/alex-epifanoff,Fixing ci,5,[],https://github.com/rhomobile/rhodes/pull/1043,https://github.com/alex-epifanoff,1,https://github.com/rhomobile/rhodes/pull/1043,,,True,{}
rhomobile/rhodes,https://github.com/rhomobile/rhodes,1044,2020-05-22T12:53:42Z,2020-05-22T16:40:39Z,2020-05-22T16:40:43Z,MERGED,True,12,5,4,https://github.com/alex-epifanoff,Some fixes,5,[],https://github.com/rhomobile/rhodes/pull/1044,https://github.com/alex-epifanoff,1,https://github.com/rhomobile/rhodes/pull/1044,,,True,{}
rhomobile/rhodes,https://github.com/rhomobile/rhodes,1045,2020-05-30T00:06:43Z,2020-05-30T00:06:59Z,2020-06-02T09:28:11Z,MERGED,True,120,53,10,https://github.com/hramovnik,aurora: jolla sailfish fix and barcode little update,3,[],https://github.com/rhomobile/rhodes/pull/1045,https://github.com/hramovnik,1,https://github.com/rhomobile/rhodes/pull/1045,,,True,{}
rhomobile/rhodes,https://github.com/rhomobile/rhodes,1046,2020-06-03T10:40:59Z,2020-06-03T10:41:16Z,2020-06-03T10:41:24Z,MERGED,True,53,20,7,https://github.com/akaquazzar,Fix notification in foreground service,2,[],https://github.com/rhomobile/rhodes/pull/1046,https://github.com/akaquazzar,1,https://github.com/rhomobile/rhodes/pull/1046,,,True,{}
rhomobile/rhodes,https://github.com/rhomobile/rhodes,1047,2020-06-16T16:07:52Z,2020-06-16T16:08:22Z,2020-12-01T21:41:00Z,MERGED,True,16,20,3,https://github.com/hramovnik,linux: rosa rpm changes,4,[],https://github.com/rhomobile/rhodes/pull/1047,https://github.com/hramovnik,1,https://github.com/rhomobile/rhodes/pull/1047,,,True,{}
rhomobile/rhodes,https://github.com/rhomobile/rhodes,1048,2020-06-25T16:05:53Z,2020-06-25T16:10:12Z,2020-06-25T16:10:12Z,MERGED,True,135,19,1,https://github.com/vmusulainen,Debug in vscode,3,[],https://github.com/rhomobile/rhodes/pull/1048,https://github.com/vmusulainen,1,https://github.com/rhomobile/rhodes/pull/1048,,,True,{'HOORAY': ['https://github.com/javiermolina1234']}
rhomobile/rhodes,https://github.com/rhomobile/rhodes,1049,2020-08-04T22:43:47Z,2020-08-06T18:40:16Z,2020-08-06T18:40:20Z,MERGED,True,6,11,1,https://github.com/alex-epifanoff,android: update emulator startup,1,[],https://github.com/rhomobile/rhodes/pull/1049,https://github.com/alex-epifanoff,1,https://github.com/rhomobile/rhodes/pull/1049,,,True,{}
rhomobile/rhodes,https://github.com/rhomobile/rhodes,1050,2020-09-04T18:38:22Z,2020-09-04T21:20:36Z,2020-09-04T21:20:37Z,MERGED,True,5,5,2,https://github.com/vmusulainen,- fix install and start rhodes apps in iOS simulator,1,[],https://github.com/rhomobile/rhodes/pull/1050,https://github.com/vmusulainen,1,https://github.com/rhomobile/rhodes/pull/1050,,,True,{}
rhomobile/rhodes,https://github.com/rhomobile/rhodes,1052,2020-09-21T11:33:10Z,2020-09-29T13:04:45Z,2020-09-29T13:04:45Z,MERGED,True,1199,1719,51,https://github.com/hramovnik,Win32 build fix,14,[],https://github.com/rhomobile/rhodes/pull/1052,https://github.com/hramovnik,1,https://github.com/rhomobile/rhodes/pull/1052,,,True,{}
rhomobile/rhodes,https://github.com/rhomobile/rhodes,1053,2020-09-29T13:36:09Z,2020-10-02T10:45:13Z,2020-10-08T14:37:54Z,CLOSED,False,275,240,1,https://github.com/vmusulainen,Debug in vscode,9,[],https://github.com/rhomobile/rhodes/pull/1053,https://github.com/vmusulainen,1,https://github.com/rhomobile/rhodes/pull/1053,,,True,{}
rhomobile/rhodes,https://github.com/rhomobile/rhodes,1054,2020-09-29T13:44:23Z,2020-09-29T13:44:50Z,2020-09-29T13:44:51Z,MERGED,True,1276,1745,56,https://github.com/vmusulainen,update from master,6,[],https://github.com/rhomobile/rhodes/pull/1054,https://github.com/vmusulainen,1,https://github.com/rhomobile/rhodes/pull/1054,,,True,{}
rhomobile/rhodes,https://github.com/rhomobile/rhodes,1055,2020-10-02T10:45:41Z,2020-10-08T14:35:39Z,2020-10-08T14:37:53Z,MERGED,True,275,240,1,https://github.com/vmusulainen,Debug in vscode,9,[],https://github.com/rhomobile/rhodes/pull/1055,https://github.com/vmusulainen,1,https://github.com/rhomobile/rhodes/pull/1055,,,True,{}
rhomobile/rhodes,https://github.com/rhomobile/rhodes,1056,2020-10-02T12:17:09Z,2020-10-05T14:43:17Z,2020-10-05T14:43:17Z,MERGED,True,4,3,1,https://github.com/esskar,avoid StringIndexOutOfBoundsException when value length is less than 5,1,[],https://github.com/rhomobile/rhodes/pull/1056,https://github.com/esskar,1,https://github.com/rhomobile/rhodes/pull/1056,"I run into exception using the barcode extension: It seems that DecodeAudioFeedbackUri.set may be called with an unexpected value; in that case, the framework throws a tough exception when trying to access a subString","I run into exception using the barcode extension: It seems that DecodeAudioFeedbackUri.set may be called with an unexpected value; in that case, the framework throws a tough exception when trying to access a subString",True,{}
rhomobile/rhodes,https://github.com/rhomobile/rhodes,1057,2020-10-02T21:03:13Z,2020-10-05T14:44:46Z,2020-10-05T14:44:50Z,MERGED,True,40,18,4,https://github.com/hramovnik,android: fix for zendesk bug 2499 (granding access for sharing files …,1,[],https://github.com/rhomobile/rhodes/pull/1057,https://github.com/hramovnik,1,https://github.com/rhomobile/rhodes/pull/1057,…from directory /rhodata/apps/ (Rho::Application.userFolder) to another applications),…from directory /rhodata/apps/ (Rho::Application.userFolder) to another applications),True,{}
rhomobile/rhodes,https://github.com/rhomobile/rhodes,1058,2020-10-22T13:04:33Z,2020-10-22T15:19:28Z,2020-10-22T15:19:35Z,MERGED,True,119,151,28,https://github.com/hramovnik,android: turning back functions renaming,1,[],https://github.com/rhomobile/rhodes/pull/1058,https://github.com/hramovnik,1,https://github.com/rhomobile/rhodes/pull/1058,,,True,{}
rhomobile/rhodes,https://github.com/rhomobile/rhodes,1059,2020-11-10T12:02:48Z,2020-11-11T04:47:46Z,2020-11-11T04:47:46Z,MERGED,True,410,442,31,https://github.com/akaquazzar,Android30,18,[],https://github.com/rhomobile/rhodes/pull/1059,https://github.com/akaquazzar,1,https://github.com/rhomobile/rhodes/pull/1059,,,True,{}
rhomobile/rhodes,https://github.com/rhomobile/rhodes,1062,2021-02-09T05:06:55Z,2021-02-09T05:08:57Z,2021-02-09T05:08:57Z,MERGED,True,1465,7,10,https://github.com/akaquazzar,Native net request android,63,[],https://github.com/rhomobile/rhodes/pull/1062,https://github.com/akaquazzar,1,https://github.com/rhomobile/rhodes/pull/1062,,,True,{}
rhomobile/rhodes,https://github.com/rhomobile/rhodes,1063,2021-03-01T15:43:15Z,2021-03-01T15:43:39Z,2021-03-01T15:43:39Z,MERGED,True,1753,283,93,https://github.com/hramovnik,Updates from master,4,[],https://github.com/rhomobile/rhodes/pull/1063,https://github.com/hramovnik,1,https://github.com/rhomobile/rhodes/pull/1063,,,True,{}
rhomobile/rhodes,https://github.com/rhomobile/rhodes,1064,2021-03-05T06:59:20Z,2021-03-05T07:00:33Z,2021-03-09T09:18:32Z,MERGED,True,13,9,3,https://github.com/hramovnik,travis: fixes for native lib tests,32,[],https://github.com/rhomobile/rhodes/pull/1064,https://github.com/hramovnik,1,https://github.com/rhomobile/rhodes/pull/1064,,,True,{}
rhomobile/rhodes,https://github.com/rhomobile/rhodes,1065,2021-03-05T08:47:15Z,2021-03-05T08:47:33Z,2021-03-05T08:47:33Z,MERGED,True,21,11,4,https://github.com/hramovnik,Updates from master branch,2,[],https://github.com/rhomobile/rhodes/pull/1065,https://github.com/hramovnik,1,https://github.com/rhomobile/rhodes/pull/1065,,,True,{}
rhomobile/rhodes,https://github.com/rhomobile/rhodes,1066,2021-03-05T19:13:06Z,2021-03-06T11:34:38Z,2021-03-06T11:34:42Z,MERGED,True,6,2,2,https://github.com/hramovnik,travis: fix for stable branch,1,[],https://github.com/rhomobile/rhodes/pull/1066,https://github.com/hramovnik,1,https://github.com/rhomobile/rhodes/pull/1066,,,True,{}
rhomobile/rhodes,https://github.com/rhomobile/rhodes,1067,2021-03-18T23:28:28Z,,2021-03-18T23:28:28Z,OPEN,False,115,26,6,https://github.com/hramovnik,win32: fixes and hacks for video support,4,[],https://github.com/rhomobile/rhodes/pull/1067,https://github.com/hramovnik,1,https://github.com/rhomobile/rhodes/pull/1067,,,True,{}
rhomobile/rhodes,https://github.com/rhomobile/rhodes,1069,2021-04-06T09:48:14Z,2021-04-06T09:48:35Z,2021-04-06T09:48:41Z,MERGED,True,2,0,1,https://github.com/alex-epifanoff,net: clear input request headers map before saving response headers,1,[],https://github.com/rhomobile/rhodes/pull/1069,https://github.com/alex-epifanoff,1,https://github.com/rhomobile/rhodes/pull/1069,,,True,{}
rhomobile/rhodes,https://github.com/rhomobile/rhodes,1070,2021-04-06T19:06:19Z,,2021-04-07T09:38:22Z,OPEN,False,84,16,4,https://github.com/hramovnik,android: making sql page size automatic backward capability works,2,[],https://github.com/rhomobile/rhodes/pull/1070,https://github.com/hramovnik,1,https://github.com/rhomobile/rhodes/pull/1070,,,True,{}
rhomobile/rhodes,https://github.com/rhomobile/rhodes,1071,2021-04-07T13:59:18Z,2021-04-07T15:51:54Z,2021-04-07T16:12:46Z,MERGED,True,81,39,8,https://github.com/hramovnik,wm: fix for windows mobile build on rhodes 7.x.x,62,[],https://github.com/rhomobile/rhodes/pull/1071,https://github.com/hramovnik,1,https://github.com/rhomobile/rhodes/pull/1071,,,True,{}
rhomobile/rhodes,https://github.com/rhomobile/rhodes,1072,2021-04-14T14:01:48Z,2021-08-13T18:58:42Z,2021-08-13T18:58:46Z,MERGED,True,19,0,1,https://github.com/alex-epifanoff,Create SECURITY.md,1,[],https://github.com/rhomobile/rhodes/pull/1072,https://github.com/alex-epifanoff,1,https://github.com/rhomobile/rhodes/pull/1072,,,True,{}
rhomobile/rhodes,https://github.com/rhomobile/rhodes,1073,2021-05-03T19:01:15Z,2021-05-03T19:01:46Z,2021-05-03T19:01:54Z,MERGED,True,1,1,1,https://github.com/alex-epifanoff,Win32/RhoSim: try enabling Rho::Config,1,[],https://github.com/rhomobile/rhodes/pull/1073,https://github.com/alex-epifanoff,1,https://github.com/rhomobile/rhodes/pull/1073,,,True,{}
rhomobile/rhodes,https://github.com/rhomobile/rhodes,1074,2021-05-03T20:09:57Z,2021-05-10T15:07:39Z,2021-05-10T15:07:57Z,MERGED,True,2,2,1,https://github.com/alex-epifanoff,Android: remove usage java.nio.file.Paths for backward compatibility,1,[],https://github.com/rhomobile/rhodes/pull/1074,https://github.com/alex-epifanoff,1,https://github.com/rhomobile/rhodes/pull/1074,,,True,{}
rhomobile/rhodes,https://github.com/rhomobile/rhodes,1076,2021-07-20T14:07:41Z,2021-07-20T14:07:57Z,2021-07-20T14:08:07Z,MERGED,True,102,1488,15,https://github.com/alex-epifanoff,Net request factory,5,[],https://github.com/rhomobile/rhodes/pull/1076,https://github.com/alex-epifanoff,1,https://github.com/rhomobile/rhodes/pull/1076,,,True,{}
rhomobile/rhodes,https://github.com/rhomobile/rhodes,1077,2021-08-05T08:10:41Z,2021-08-05T08:12:49Z,2021-08-05T08:12:57Z,MERGED,True,83,25,5,https://github.com/hramovnik,Appveyor update for non win 210727,88,[],https://github.com/rhomobile/rhodes/pull/1077,https://github.com/hramovnik,1,https://github.com/rhomobile/rhodes/pull/1077,,,True,{}
rhomobile/rhodes,https://github.com/rhomobile/rhodes,1078,2021-08-05T08:15:51Z,2021-08-05T08:16:34Z,2021-08-05T08:16:34Z,MERGED,True,600,1748,45,https://github.com/hramovnik,update from master,18,[],https://github.com/rhomobile/rhodes/pull/1078,https://github.com/hramovnik,1,https://github.com/rhomobile/rhodes/pull/1078,,,True,{}
rhomobile/rhodes,https://github.com/rhomobile/rhodes,1079,2021-08-09T12:56:50Z,2021-08-09T12:57:13Z,2021-08-09T12:57:13Z,MERGED,True,11,1,3,https://github.com/hramovnik,Update from master,2,[],https://github.com/rhomobile/rhodes/pull/1079,https://github.com/hramovnik,1,https://github.com/rhomobile/rhodes/pull/1079,,,True,{}
rhomobile/rhodes,https://github.com/rhomobile/rhodes,1080,2021-08-13T19:21:52Z,2021-08-13T20:02:35Z,2021-08-13T20:02:35Z,MERGED,True,1043,2556,52,https://github.com/hramovnik,android: moving to androidx and updating fcm extension,72,[],https://github.com/rhomobile/rhodes/pull/1080,https://github.com/hramovnik,1,https://github.com/rhomobile/rhodes/pull/1080,,,True,{}
rhomobile/rhodes,https://github.com/rhomobile/rhodes,1081,2021-08-13T19:53:25Z,2021-08-13T19:53:32Z,2021-08-13T19:53:32Z,MERGED,True,19,0,1,https://github.com/hramovnik,Create SECURITY.md,1,[],https://github.com/rhomobile/rhodes/pull/1081,https://github.com/hramovnik,1,https://github.com/rhomobile/rhodes/pull/1081,,,True,{}
rhomobile/rhodes,https://github.com/rhomobile/rhodes,1084,2021-09-14T12:50:01Z,2021-09-14T13:18:04Z,2021-09-14T13:18:17Z,MERGED,True,114,11,2,https://github.com/alex-epifanoff,Android bundle,2,[],https://github.com/rhomobile/rhodes/pull/1084,https://github.com/alex-epifanoff,1,https://github.com/rhomobile/rhodes/pull/1084,,,True,{}
rhomobile/rhodes,https://github.com/rhomobile/rhodes,1085,2021-09-29T14:23:24Z,2021-10-01T11:19:02Z,2021-10-01T11:19:02Z,MERGED,True,112,17,10,https://github.com/hramovnik,win32: adding callback on close button pressed,1,[],https://github.com/rhomobile/rhodes/pull/1085,https://github.com/hramovnik,1,https://github.com/rhomobile/rhodes/pull/1085,,,True,{}
rhomobile/rhodes,https://github.com/rhomobile/rhodes,1086,2021-10-01T01:07:30Z,2021-10-05T16:25:58Z,2021-10-05T16:26:02Z,MERGED,True,371,76,8,https://github.com/alex-epifanoff,refactor building AAB bundle and add AAPT2 to local toolchain,3,[],https://github.com/rhomobile/rhodes/pull/1086,https://github.com/alex-epifanoff,1,https://github.com/rhomobile/rhodes/pull/1086,,,True,{}
rhomobile/rhodes,https://github.com/rhomobile/rhodes,1087,2021-10-07T12:10:53Z,2021-10-27T14:20:23Z,2021-10-27T14:20:29Z,MERGED,True,4,0,1,https://github.com/dmitrys,Android: fix CommonAPI ruby lambda callback issue,1,[],https://github.com/rhomobile/rhodes/pull/1087,https://github.com/dmitrys,1,https://github.com/rhomobile/rhodes/pull/1087,,,True,{}
rhomobile/rhodes,https://github.com/rhomobile/rhodes,1088,2021-10-20T17:58:46Z,2021-10-27T14:19:17Z,2021-10-27T14:19:17Z,MERGED,True,1,1,1,https://github.com/mensfeld,tau website with www does not exist,1,[],https://github.com/rhomobile/rhodes/pull/1088,https://github.com/mensfeld,1,https://github.com/rhomobile/rhodes/pull/1088,Fixed link to tau-tech website.,Fixed link to tau-tech website.,True,{}
rhomobile/rhodes,https://github.com/rhomobile/rhodes,1089,2021-10-29T16:56:44Z,2022-03-15T11:04:53Z,2022-03-15T11:04:53Z,MERGED,True,181,5,8,https://github.com/alex-epifanoff,Set up CI with Azure Pipelines,45,[],https://github.com/rhomobile/rhodes/pull/1089,https://github.com/alex-epifanoff,1,https://github.com/rhomobile/rhodes/pull/1089,,,True,{}
rhomobile/rhodes,https://github.com/rhomobile/rhodes,1090,2022-04-05T13:53:46Z,2022-04-07T12:37:00Z,2022-04-07T12:37:00Z,MERGED,True,19,12,6,https://github.com/alex-epifanoff,Support for Windows 11,5,[],https://github.com/rhomobile/rhodes/pull/1090,https://github.com/alex-epifanoff,1,https://github.com/rhomobile/rhodes/pull/1090,,,True,{}
rhomobile/rhodes,https://github.com/rhomobile/rhodes,1091,2022-04-19T15:55:52Z,,2022-04-19T15:57:56Z,OPEN,False,6,0,1,https://github.com/nhinze,android: disable fdsan to prevent crashes.,1,[],https://github.com/rhomobile/rhodes/pull/1091,https://github.com/nhinze,1,https://github.com/rhomobile/rhodes/pull/1091,"fdsan behavior changed from a warning to abort in with Android SDK 30+. This reverts the behavior to ""warning"" to reduce the number of crashes. This is a workaround solution to restore stability until a proper solution can be found.
https://forums.tau-platform.com/thread/318/fdsan-crashes-android-30
https://android.googlesource.com/platform/bionic/+/master/docs/fdsan.md","fdsan behavior changed from a warning to abort in with Android SDK 30+. This reverts the behavior to ""warning"" to reduce the number of crashes. This is a workaround solution to restore stability until a proper solution can be found.
https://forums.tau-platform.com/thread/318/fdsan-crashes-android-30
https://android.googlesource.com/platform/bionic/+/master/docs/fdsan.md",True,{}
rhomobile/rhodes,https://github.com/rhomobile/rhodes,1092,2022-04-19T22:05:21Z,2022-04-19T22:08:11Z,2022-04-19T22:08:15Z,MERGED,True,479,395,18,https://github.com/alex-epifanoff,Android12 sdk31 ndk24,3,[],https://github.com/rhomobile/rhodes/pull/1092,https://github.com/alex-epifanoff,1,https://github.com/rhomobile/rhodes/pull/1092,,,True,{}
