simlar/simlar-ios,https://github.com/simlar/simlar-ios,45,2015-10-20T23:06:39Z,2015-10-21T06:03:04Z,2015-10-21T06:03:06Z,MERGED,True,1865,565,75,https://github.com/BenSartor,Pullrequest: liblinphone 2.4.2,5,[],https://github.com/simlar/simlar-ios/pull/45,https://github.com/BenSartor,1,https://github.com/simlar/simlar-ios/pull/45,,,True,{}
simlar/simlar-ios,https://github.com/simlar/simlar-ios,46,2016-04-29T23:29:14Z,2016-04-30T16:09:39Z,2016-04-30T16:09:41Z,MERGED,True,61,48,6,https://github.com/BenSartor,Pullrequest XCode 7,4,[],https://github.com/simlar/simlar-ios/pull/46,https://github.com/BenSartor,1,https://github.com/simlar/simlar-ios/pull/46,,,True,{}
simlar/simlar-ios,https://github.com/simlar/simlar-ios,48,2016-05-03T20:51:11Z,2016-05-10T20:15:56Z,2016-05-10T20:16:00Z,MERGED,True,12470,1749,218,https://github.com/BenSartor,Pullrequest: liblinphone 3.12.1,6,[],https://github.com/simlar/simlar-ios/pull/48,https://github.com/BenSartor,1,https://github.com/simlar/simlar-ios/pull/48,,,True,{}
simlar/simlar-ios,https://github.com/simlar/simlar-ios,49,2016-05-21T15:03:51Z,2016-05-23T22:33:43Z,2016-05-23T22:33:45Z,MERGED,True,29,9,1,https://github.com/BenSartor,Pullrequest background task expired,4,[],https://github.com/simlar/simlar-ios/pull/49,https://github.com/BenSartor,1,https://github.com/simlar/simlar-ios/pull/49,,,True,{}
simlar/simlar-ios,https://github.com/simlar/simlar-ios,50,2016-05-23T22:29:44Z,2016-05-23T22:37:57Z,2016-05-23T22:37:59Z,MERGED,True,10,5,3,https://github.com/BenSartor,Pullrequest more changes by XCode 7 ,3,[],https://github.com/simlar/simlar-ios/pull/50,https://github.com/BenSartor,1,https://github.com/simlar/simlar-ios/pull/50,,,True,{}
simlar/simlar-ios,https://github.com/simlar/simlar-ios,51,2016-05-23T22:47:51Z,2016-05-23T22:56:34Z,2016-05-23T22:56:35Z,MERGED,True,3936,2372,84,https://github.com/BenSartor,Pullrequest cocoa pods update 201605,2,[],https://github.com/simlar/simlar-ios/pull/51,https://github.com/BenSartor,1,https://github.com/simlar/simlar-ios/pull/51,,,True,{}
simlar/simlar-ios,https://github.com/simlar/simlar-ios,52,2016-05-23T22:50:57Z,2016-05-23T22:57:48Z,2016-05-23T22:57:50Z,MERGED,True,5,18,1,https://github.com/BenSartor,Pullrequest: Fix liblinphone deprecation warnings,4,[],https://github.com/simlar/simlar-ios/pull/52,https://github.com/BenSartor,1,https://github.com/simlar/simlar-ios/pull/52,,,True,{}
simlar/simlar-ios,https://github.com/simlar/simlar-ios,53,2016-05-23T22:52:54Z,2016-05-31T16:38:17Z,2016-05-31T16:38:19Z,MERGED,True,27,26,9,https://github.com/BenSartor,Pullrequest: Fix warnings introduced by XCode 7,7,[],https://github.com/simlar/simlar-ios/pull/53,https://github.com/BenSartor,1,https://github.com/simlar/simlar-ios/pull/53,,,True,{}
simlar/simlar-ios,https://github.com/simlar/simlar-ios,55,2016-05-31T21:42:23Z,2016-06-04T11:13:30Z,2016-06-04T11:13:31Z,MERGED,True,309,39,11,https://github.com/BenSartor,Pullrequest improve ringing,6,[],https://github.com/simlar/simlar-ios/pull/55,https://github.com/BenSartor,1,https://github.com/simlar/simlar-ios/pull/55,,,True,{}
simlar/simlar-ios,https://github.com/simlar/simlar-ios,56,2016-06-09T21:38:47Z,2016-06-15T17:45:23Z,2016-06-15T17:45:25Z,MERGED,True,68,38,2,https://github.com/BenSartor,Pullrequest: LinphoneHandler Code Cleanup,4,[],https://github.com/simlar/simlar-ios/pull/56,https://github.com/BenSartor,1,https://github.com/simlar/simlar-ios/pull/56,,,True,{}
simlar/simlar-ios,https://github.com/simlar/simlar-ios,57,2016-06-20T20:19:10Z,2016-06-20T20:49:42Z,2016-06-20T20:49:44Z,MERGED,True,139,3,7,https://github.com/BenSartor,Pullrequest vibrator,3,[],https://github.com/simlar/simlar-ios/pull/57,https://github.com/BenSartor,1,https://github.com/simlar/simlar-ios/pull/57,,,True,{}
simlar/simlar-ios,https://github.com/simlar/simlar-ios,58,2016-06-22T20:35:39Z,2016-06-25T09:40:45Z,2016-06-25T09:40:47Z,MERGED,True,2,0,1,https://github.com/BenSartor,[xcode] requires fullscreen in order to fix upload to app store,1,[],https://github.com/simlar/simlar-ios/pull/58,https://github.com/BenSartor,1,https://github.com/simlar/simlar-ios/pull/58,,,True,{}
simlar/simlar-ios,https://github.com/simlar/simlar-ios,59,2016-07-05T23:30:05Z,2016-07-06T19:12:44Z,2016-07-06T19:12:46Z,MERGED,True,22796,16624,231,https://github.com/BenSartor,Pullrequest liblinphone3 13,6,[],https://github.com/simlar/simlar-ios/pull/59,https://github.com/BenSartor,1,https://github.com/simlar/simlar-ios/pull/59,,,True,{}
simlar/simlar-ios,https://github.com/simlar/simlar-ios,60,2016-07-13T20:27:07Z,2016-07-30T14:08:27Z,2016-07-30T14:08:29Z,MERGED,True,316,42,16,https://github.com/BenSartor,Pullrequest bluetooth,28,[],https://github.com/simlar/simlar-ios/pull/60,https://github.com/BenSartor,1,https://github.com/simlar/simlar-ios/pull/60,,,True,{}
simlar/simlar-ios,https://github.com/simlar/simlar-ios,61,2016-07-30T15:15:27Z,2016-07-30T15:46:47Z,2016-07-30T15:46:49Z,MERGED,True,175,89,13,https://github.com/BenSartor,Pullrequest flag export compliance not changed,3,[],https://github.com/simlar/simlar-ios/pull/61,https://github.com/BenSartor,1,https://github.com/simlar/simlar-ios/pull/61,,,True,{}
simlar/simlar-ios,https://github.com/simlar/simlar-ios,62,2016-07-30T18:19:03Z,2016-07-30T18:37:02Z,2016-07-30T18:37:05Z,MERGED,True,40,24982,164,https://github.com/BenSartor,Pullrequest liblinphone slim down,5,[],https://github.com/simlar/simlar-ios/pull/62,https://github.com/BenSartor,1,https://github.com/simlar/simlar-ios/pull/62,,,True,{}
simlar/simlar-ios,https://github.com/simlar/simlar-ios,63,2016-07-30T18:43:19Z,2016-07-30T19:30:18Z,2016-07-30T19:30:19Z,MERGED,True,24,0,1,https://github.com/BenSartor,Pullrequest resize images,2,[],https://github.com/simlar/simlar-ios/pull/63,https://github.com/BenSartor,1,https://github.com/simlar/simlar-ios/pull/63,,,True,{}
simlar/simlar-ios,https://github.com/simlar/simlar-ios,64,2016-10-05T20:18:58Z,2016-11-18T07:35:32Z,2016-11-18T07:35:33Z,MERGED,True,43,4,4,https://github.com/BenSartor,Pullrequest: XCode 8 Update,7,[],https://github.com/simlar/simlar-ios/pull/64,https://github.com/BenSartor,1,https://github.com/simlar/simlar-ios/pull/64,,,True,{}
simlar/simlar-ios,https://github.com/simlar/simlar-ios,64,2016-10-05T20:18:58Z,2016-11-18T07:35:32Z,2016-11-18T07:35:33Z,MERGED,True,43,4,4,https://github.com/BenSartor,Pullrequest: XCode 8 Update,7,[],https://github.com/simlar/simlar-ios/pull/64,https://github.com/BenSartor,2,https://github.com/simlar/simlar-ios/pull/64#issuecomment-251812279,,"Hi Jan,
guter Punkt. Habe einen seperaten PullRequest darus gemacht, den wir
dann nach erfolgreichem Test mergen k√∂nnen. Mal schauen, ob Travis den
ohne SDK10 baut :)
Deine andere Anmerkung habe ich auch √ºbernommen und den urspr√ºnglichen
PullRequest aktualisiert.
Besten Dank und freundliche Gr√º√üe aus M√ºnster
Ben
Am 05.10.16 um 22:32 schrieb Jan Ritzerfeld:

jritzerfeld commented on this pull request.

     case SMLRCallStatusIncomingCall:



       return AVAudioSessionCategorySoloAmbient; // default




Shouldn't we test this first?",True,{}
simlar/simlar-ios,https://github.com/simlar/simlar-ios,65,2016-10-05T21:54:53Z,2016-10-08T16:56:13Z,2016-10-08T16:56:15Z,MERGED,True,1,1,1,https://github.com/BenSartor,Pullrequest incoming call audio session management,1,[],https://github.com/simlar/simlar-ios/pull/65,https://github.com/BenSartor,1,https://github.com/simlar/simlar-ios/pull/65,Please merge after testing.,Please merge after testing.,True,{}
simlar/simlar-ios,https://github.com/simlar/simlar-ios,67,2017-01-07T18:27:12Z,2017-01-08T08:23:29Z,2017-01-08T08:23:31Z,MERGED,True,39,10,4,https://github.com/BenSartor,Pullrequest Xcode 8.1,5,[],https://github.com/simlar/simlar-ios/pull/67,https://github.com/BenSartor,1,https://github.com/simlar/simlar-ios/pull/67,,,True,{}
simlar/simlar-ios,https://github.com/simlar/simlar-ios,68,2017-01-08T17:07:24Z,2017-01-08T17:58:32Z,2017-01-08T17:58:33Z,MERGED,True,2019,1293,156,https://github.com/BenSartor,Pullrequest: update liblinphone to 3.15,4,[],https://github.com/simlar/simlar-ios/pull/68,https://github.com/BenSartor,1,https://github.com/simlar/simlar-ios/pull/68,,,True,{}
simlar/simlar-ios,https://github.com/simlar/simlar-ios,69,2017-01-08T22:39:21Z,2017-01-10T07:13:43Z,2017-01-10T07:13:47Z,MERGED,True,14460,4572,33,https://github.com/BenSartor,Pullrequest: update CocoaLumberjack 2.3.0 -> 3.0.0 and libPhoneNumber-iOS 0.8.15 -> 0.9.2,1,[],https://github.com/simlar/simlar-ios/pull/69,https://github.com/BenSartor,1,https://github.com/simlar/simlar-ios/pull/69,,,True,{}
simlar/simlar-ios,https://github.com/simlar/simlar-ios,70,2017-01-13T23:35:58Z,2017-01-14T15:03:50Z,2017-01-14T15:03:52Z,MERGED,True,80,88,1,https://github.com/BenSartor,Pullrequest contacts handling,5,[],https://github.com/simlar/simlar-ios/pull/70,https://github.com/BenSartor,1,https://github.com/simlar/simlar-ios/pull/70,,,True,{}
simlar/simlar-ios,https://github.com/simlar/simlar-ios,70,2017-01-13T23:35:58Z,2017-01-14T15:03:50Z,2017-01-14T15:03:52Z,MERGED,True,80,88,1,https://github.com/BenSartor,Pullrequest contacts handling,5,[],https://github.com/simlar/simlar-ios/pull/70,https://github.com/BenSartor,2,https://github.com/simlar/simlar-ios/pull/70#issuecomment-272577848,,"Hi @jritzerfeld,
github shows the commits in the wrong order. They shouldn't even apply in this order :)
It would be best if you first look at the second commit:
f4de57e
Thanks in advance for reviewing
Ben",True,{}
simlar/simlar-ios,https://github.com/simlar/simlar-ios,71,2017-01-14T16:52:59Z,2017-01-14T19:14:08Z,2017-01-14T19:14:10Z,MERGED,True,168,139,3,https://github.com/BenSartor,Pullrequest  Xcode 8.2 Update,5,[],https://github.com/simlar/simlar-ios/pull/71,https://github.com/BenSartor,1,https://github.com/simlar/simlar-ios/pull/71,,,True,{}
simlar/simlar-ios,https://github.com/simlar/simlar-ios,72,2017-01-31T22:10:23Z,2017-02-11T14:07:11Z,2017-02-11T14:07:13Z,MERGED,True,11202,7783,85,https://github.com/BenSartor,Pullrequest liblinphone3 16 1,4,[],https://github.com/simlar/simlar-ios/pull/72,https://github.com/BenSartor,1,https://github.com/simlar/simlar-ios/pull/72,,,True,{}
simlar/simlar-ios,https://github.com/simlar/simlar-ios,73,2017-02-11T19:21:49Z,2017-02-11T19:52:17Z,2017-02-11T19:52:20Z,MERGED,True,23,26,5,https://github.com/BenSartor,Pullrequest Xcode 8.2,7,[],https://github.com/simlar/simlar-ios/pull/73,https://github.com/BenSartor,1,https://github.com/simlar/simlar-ios/pull/73,,,True,{}
simlar/simlar-ios,https://github.com/simlar/simlar-ios,74,2017-03-04T22:28:24Z,2017-03-05T08:31:48Z,2017-03-05T08:31:51Z,MERGED,True,8891,5595,145,https://github.com/BenSartor,Pullrequest liblinphone 3.16.2,3,[],https://github.com/simlar/simlar-ios/pull/74,https://github.com/BenSartor,1,https://github.com/simlar/simlar-ios/pull/74,,,True,{}
simlar/simlar-ios,https://github.com/simlar/simlar-ios,75,2017-03-04T22:31:38Z,2017-03-05T08:34:31Z,2017-03-05T08:34:34Z,MERGED,True,860,685,35,https://github.com/BenSartor,Pullrequest dependency updates 2017-03-04,3,[],https://github.com/simlar/simlar-ios/pull/75,https://github.com/BenSartor,1,https://github.com/simlar/simlar-ios/pull/75,,,True,{}
simlar/simlar-ios,https://github.com/simlar/simlar-ios,76,2017-03-12T16:46:26Z,2017-03-12T17:47:41Z,2017-03-12T17:47:44Z,MERGED,True,248,117,7,https://github.com/BenSartor,Pullrequest alert view,7,[],https://github.com/simlar/simlar-ios/pull/76,https://github.com/BenSartor,1,https://github.com/simlar/simlar-ios/pull/76,,,True,{}
simlar/simlar-ios,https://github.com/simlar/simlar-ios,77,2017-03-12T19:25:48Z,2017-03-12T19:59:30Z,2017-03-12T19:59:32Z,MERGED,True,398,57,13,https://github.com/BenSartor,Pullrequest contact picker,7,[],https://github.com/simlar/simlar-ios/pull/77,https://github.com/BenSartor,1,https://github.com/simlar/simlar-ios/pull/77,,,True,{}
simlar/simlar-ios,https://github.com/simlar/simlar-ios,78,2017-03-12T20:11:54Z,2017-03-12T21:32:58Z,2017-03-12T21:33:00Z,MERGED,True,58,5,3,https://github.com/BenSartor,Pullrequest contact picker call check status,4,[],https://github.com/simlar/simlar-ios/pull/78,https://github.com/BenSartor,1,https://github.com/simlar/simlar-ios/pull/78,,,True,{}
simlar/simlar-ios,https://github.com/simlar/simlar-ios,79,2017-03-12T22:02:22Z,2017-03-13T07:50:21Z,2017-03-13T07:50:23Z,MERGED,True,145,47,5,https://github.com/BenSartor,Pullrequest contact picker check settings,2,[],https://github.com/simlar/simlar-ios/pull/79,https://github.com/BenSartor,1,https://github.com/simlar/simlar-ios/pull/79,,,True,{}
simlar/simlar-ios,https://github.com/simlar/simlar-ios,80,2017-03-13T08:52:20Z,2017-03-13T19:35:00Z,2017-03-13T19:35:04Z,MERGED,True,17,11,1,https://github.com/BenSartor,Pullrequest contact picker fix bug on incoming calls,4,[],https://github.com/simlar/simlar-ios/pull/80,https://github.com/BenSartor,1,https://github.com/simlar/simlar-ios/pull/80,"Reproduce bug:

Disable Addressbook permission
Leave CallView open
Receive another call
=> No ""Ringing View""","Reproduce bug:

Disable Addressbook permission
Leave CallView open
Receive another call
=> No ""Ringing View""",True,{}
simlar/simlar-ios,https://github.com/simlar/simlar-ios,81,2017-03-13T20:51:42Z,2017-03-13T22:17:42Z,2017-03-13T22:17:45Z,MERGED,True,26,26,5,https://github.com/BenSartor,Pullrequest contact picker fix callback button bug,4,[],https://github.com/simlar/simlar-ios/pull/81,https://github.com/BenSartor,1,https://github.com/simlar/simlar-ios/pull/81,"Reproduce Bug

Do not grant contact permission so that the NoAddressBookPermissionView appears
Receive a missed call
Use the ""Call back"" button in the notification
=> NoAddressBookPermissionView appears and not the CallView","Reproduce Bug

Do not grant contact permission so that the NoAddressBookPermissionView appears
Receive a missed call
Use the ""Call back"" button in the notification
=> NoAddressBookPermissionView appears and not the CallView",True,{}
simlar/simlar-ios,https://github.com/simlar/simlar-ios,82,2017-03-13T23:00:26Z,2017-03-14T16:39:27Z,2017-03-14T16:39:29Z,MERGED,True,20,20,9,https://github.com/BenSartor,Pullrequest improve logging,9,[],https://github.com/simlar/simlar-ios/pull/82,https://github.com/BenSartor,1,https://github.com/simlar/simlar-ios/pull/82,,,True,{}
simlar/simlar-ios,https://github.com/simlar/simlar-ios,83,2017-03-14T22:57:05Z,2017-03-15T17:03:00Z,2017-03-15T17:03:02Z,MERGED,True,21,26,5,https://github.com/BenSartor,Pullrequest contact order preparation,4,[],https://github.com/simlar/simlar-ios/pull/83,https://github.com/BenSartor,1,https://github.com/simlar/simlar-ios/pull/83,,,True,{}
simlar/simlar-ios,https://github.com/simlar/simlar-ios,84,2017-03-15T20:42:12Z,2017-03-17T20:25:25Z,2017-03-17T20:25:27Z,MERGED,True,262,94,8,https://github.com/BenSartor,Pullrequest contact order,7,[],https://github.com/simlar/simlar-ios/pull/84,https://github.com/BenSartor,1,https://github.com/simlar/simlar-ios/pull/84,,,True,{}
simlar/simlar-ios,https://github.com/simlar/simlar-ios,84,2017-03-15T20:42:12Z,2017-03-17T20:25:25Z,2017-03-17T20:25:27Z,MERGED,True,262,94,8,https://github.com/BenSartor,Pullrequest contact order,7,[],https://github.com/simlar/simlar-ios/pull/84,https://github.com/BenSartor,2,https://github.com/simlar/simlar-ios/pull/84#issuecomment-286873661,,"Hi @jritzerfeld,
I have force pushed the branch again, to convince github to keep my commit order.
Thanks in advance for reviewing
Ben",True,{}
simlar/simlar-ios,https://github.com/simlar/simlar-ios,85,2017-03-20T21:34:54Z,2017-03-21T07:20:03Z,2017-03-21T07:20:05Z,MERGED,True,7,2,1,https://github.com/BenSartor,Pullrequest display invalid telephone number,1,[],https://github.com/simlar/simlar-ios/pull/85,https://github.com/BenSartor,1,https://github.com/simlar/simlar-ios/pull/85,‚Ä¶ays entered number,‚Ä¶ays entered number,True,{}
simlar/simlar-ios,https://github.com/simlar/simlar-ios,86,2017-03-29T22:11:06Z,2017-03-30T18:23:35Z,2017-03-30T18:23:37Z,MERGED,True,73,21,9,https://github.com/BenSartor,Pullrequest contact picker gui,6,[],https://github.com/simlar/simlar-ios/pull/86,https://github.com/BenSartor,1,https://github.com/simlar/simlar-ios/pull/86,,,True,{}
simlar/simlar-ios,https://github.com/simlar/simlar-ios,87,2019-06-21T23:00:21Z,2019-06-22T16:34:50Z,2019-06-22T16:34:53Z,MERGED,True,80,57,6,https://github.com/BenSartor,Pullrequest xcode 10,6,[],https://github.com/simlar/simlar-ios/pull/87,https://github.com/BenSartor,1,https://github.com/simlar/simlar-ios/pull/87,,,True,{}
simlar/simlar-ios,https://github.com/simlar/simlar-ios,88,2019-06-23T08:55:22Z,2019-06-23T10:03:27Z,2019-06-23T10:03:32Z,MERGED,True,9761,32754,69,https://github.com/BenSartor,Pullrequest dependency updates 2018/08/15,6,[],https://github.com/simlar/simlar-ios/pull/88,https://github.com/BenSartor,1,https://github.com/simlar/simlar-ios/pull/88,,,True,{}
simlar/simlar-ios,https://github.com/simlar/simlar-ios,88,2019-06-23T08:55:22Z,2019-06-23T10:03:27Z,2019-06-23T10:03:32Z,MERGED,True,9761,32754,69,https://github.com/BenSartor,Pullrequest dependency updates 2018/08/15,6,[],https://github.com/simlar/simlar-ios/pull/88,https://github.com/BenSartor,2,https://github.com/simlar/simlar-ios/pull/88#issuecomment-504733074,,"Hi @jritzerfeld,
more actual dependency updates will follow in another pull request.
See the commits in the devel branch.",True,{}
simlar/simlar-ios,https://github.com/simlar/simlar-ios,89,2019-06-23T11:01:21Z,2019-06-23T16:01:50Z,2019-06-23T16:01:53Z,MERGED,True,48,65,1,https://github.com/BenSartor,Pullrequest https with NSURLSession,3,[],https://github.com/simlar/simlar-ios/pull/89,https://github.com/BenSartor,1,https://github.com/simlar/simlar-ios/pull/89,,,True,{}
simlar/simlar-ios,https://github.com/simlar/simlar-ios,90,2019-06-25T07:35:07Z,2019-06-25T20:18:17Z,2019-06-25T20:18:21Z,MERGED,True,197267,18999,1092,https://github.com/BenSartor,Pullrequest liblinphone 4.0.1,18,[],https://github.com/simlar/simlar-ios/pull/90,https://github.com/BenSartor,1,https://github.com/simlar/simlar-ios/pull/90,,,True,{}
simlar/simlar-ios,https://github.com/simlar/simlar-ios,91,2019-06-26T19:56:05Z,2019-06-26T21:01:34Z,2019-06-26T21:01:37Z,MERGED,True,23,18,1,https://github.com/BenSartor,Pullrequest liblinphone 4.0.1 deprecations,6,[],https://github.com/simlar/simlar-ios/pull/91,https://github.com/BenSartor,1,https://github.com/simlar/simlar-ios/pull/91,,,True,{}
simlar/simlar-ios,https://github.com/simlar/simlar-ios,92,2019-06-27T19:00:31Z,2019-06-29T14:14:37Z,2019-06-29T14:14:37Z,MERGED,True,62,29,4,https://github.com/BenSartor,Pullrequest liblinphone 4.0.1 logging,7,[],https://github.com/simlar/simlar-ios/pull/92,https://github.com/BenSartor,1,https://github.com/simlar/simlar-ios/pull/92,,,True,{}
simlar/simlar-ios,https://github.com/simlar/simlar-ios,93,2019-06-29T15:48:08Z,2019-06-29T16:54:41Z,2019-06-29T16:54:45Z,MERGED,True,9,5,2,https://github.com/BenSartor,Pullrequest xcode 10 recommendations,4,[],https://github.com/simlar/simlar-ios/pull/93,https://github.com/BenSartor,1,https://github.com/simlar/simlar-ios/pull/93,,,True,{}
simlar/simlar-ios,https://github.com/simlar/simlar-ios,94,2019-06-29T17:06:45Z,2019-07-05T17:32:50Z,2019-07-05T17:32:50Z,MERGED,True,16,46,7,https://github.com/BenSartor,Pullrequest use letsencrypt certificates,7,[],https://github.com/simlar/simlar-ios/pull/94,https://github.com/BenSartor,1,https://github.com/simlar/simlar-ios/pull/94,,,True,{}
simlar/simlar-ios,https://github.com/simlar/simlar-ios,95,2019-07-06T09:56:44Z,2019-07-06T13:59:36Z,2019-07-06T13:59:40Z,MERGED,True,8299,6168,70,https://github.com/BenSartor,Pullrequest dependency updates 2019/06/15,8,[],https://github.com/simlar/simlar-ios/pull/95,https://github.com/BenSartor,1,https://github.com/simlar/simlar-ios/pull/95,,,True,{}
simlar/simlar-ios,https://github.com/simlar/simlar-ios,96,2019-07-09T22:56:36Z,2019-07-10T15:21:48Z,2019-07-10T15:21:54Z,MERGED,True,8,24344,145,https://github.com/BenSartor,Pullrequest remove pods from git,4,[],https://github.com/simlar/simlar-ios/pull/96,https://github.com/BenSartor,1,https://github.com/simlar/simlar-ios/pull/96,Lets merge all pull requests related to liblinphone based on cocoapods in one branch (liblinphone-pod-based) first and then merge the complete branch.,Lets merge all pull requests related to liblinphone based on cocoapods in one branch (liblinphone-pod-based) first and then merge the complete branch.,True,{}
simlar/simlar-ios,https://github.com/simlar/simlar-ios,97,2019-07-10T18:42:20Z,2019-07-10T19:15:40Z,2019-07-10T19:15:43Z,MERGED,True,552,264208,1118,https://github.com/BenSartor,Pullrequest liblinphone 4.2 base on cocoapods,7,[],https://github.com/simlar/simlar-ios/pull/97,https://github.com/BenSartor,1,https://github.com/simlar/simlar-ios/pull/97,,,True,{}
simlar/simlar-ios,https://github.com/simlar/simlar-ios,98,2019-07-10T23:21:12Z,2019-07-11T17:12:42Z,2019-07-11T17:12:46Z,MERGED,True,98,102,5,https://github.com/BenSartor,Pullrequest liblinphone pod build again,16,[],https://github.com/simlar/simlar-ios/pull/98,https://github.com/BenSartor,1,https://github.com/simlar/simlar-ios/pull/98,,,True,{}
simlar/simlar-ios,https://github.com/simlar/simlar-ios,99,2019-07-13T00:37:10Z,2019-07-13T06:49:16Z,2019-07-13T06:49:19Z,MERGED,True,6,0,15,https://github.com/BenSartor,Pullrequest new app icon,2,[],https://github.com/simlar/simlar-ios/pull/99,https://github.com/BenSartor,1,https://github.com/simlar/simlar-ios/pull/99,,,True,{}
simlar/simlar-ios,https://github.com/simlar/simlar-ios,100,2019-07-13T00:40:08Z,2019-07-13T06:50:14Z,2019-07-13T06:50:17Z,MERGED,True,11,1,3,https://github.com/BenSartor,Pullrequest fix iphone x notch,2,[],https://github.com/simlar/simlar-ios/pull/100,https://github.com/BenSartor,1,https://github.com/simlar/simlar-ios/pull/100,,,True,{}
simlar/simlar-ios,https://github.com/simlar/simlar-ios,101,2019-07-13T14:47:45Z,2019-07-13T14:50:23Z,2019-07-13T21:45:02Z,CLOSED,False,20,43,2,https://github.com/BenSartor,pullrequest use local liblinphone build,1,[],https://github.com/simlar/simlar-ios/pull/101,https://github.com/BenSartor,1,https://github.com/simlar/simlar-ios/pull/101,,,True,{}
simlar/simlar-ios,https://github.com/simlar/simlar-ios,101,2019-07-13T14:47:45Z,2019-07-13T14:50:23Z,2019-07-13T21:45:02Z,CLOSED,False,20,43,2,https://github.com/BenSartor,pullrequest use local liblinphone build,1,[],https://github.com/simlar/simlar-ios/pull/101,https://github.com/BenSartor,2,https://github.com/simlar/simlar-ios/pull/101#issuecomment-511127808,,This should be merged to branch 1.9.x,True,{}
simlar/simlar-ios,https://github.com/simlar/simlar-ios,102,2019-07-13T14:54:09Z,2019-07-13T21:44:58Z,2019-07-13T21:45:01Z,MERGED,True,20,43,2,https://github.com/BenSartor,Pullrequest use local liblinphone build,1,[],https://github.com/simlar/simlar-ios/pull/102,https://github.com/BenSartor,1,https://github.com/simlar/simlar-ios/pull/102,,,True,{}
simlar/simlar-ios,https://github.com/simlar/simlar-ios,103,2019-07-18T21:45:43Z,2019-07-19T18:02:36Z,2019-07-19T18:02:39Z,MERGED,True,46905,49,207,https://github.com/BenSartor,Liblinphone precompiled pod,6,[],https://github.com/simlar/simlar-ios/pull/103,https://github.com/BenSartor,1,https://github.com/simlar/simlar-ios/pull/103,,,True,{}
simlar/simlar-ios,https://github.com/simlar/simlar-ios,104,2019-07-18T21:48:22Z,2019-07-19T18:02:28Z,2019-07-19T18:02:31Z,MERGED,True,30,0,1,https://github.com/BenSartor,Pullrequest create tag script,3,[],https://github.com/simlar/simlar-ios/pull/104,https://github.com/BenSartor,1,https://github.com/simlar/simlar-ios/pull/104,,,True,{}
simlar/simlar-ios,https://github.com/simlar/simlar-ios,105,2019-07-30T23:26:07Z,2019-07-31T17:29:25Z,2019-07-31T17:29:29Z,MERGED,True,4,1,2,https://github.com/BenSartor,Pullrequest disable IPv6,2,[],https://github.com/simlar/simlar-ios/pull/105,https://github.com/BenSartor,1,https://github.com/simlar/simlar-ios/pull/105,,,True,{}
simlar/simlar-ios,https://github.com/simlar/simlar-ios,106,2019-10-04T14:48:09Z,2019-10-05T12:13:38Z,2019-10-05T16:14:21Z,MERGED,True,42,102,15,https://github.com/BenSartor,Pullrequest ios13,14,[],https://github.com/simlar/simlar-ios/pull/106,https://github.com/BenSartor,1,https://github.com/simlar/simlar-ios/pull/106,,,True,{}
simlar/simlar-ios,https://github.com/simlar/simlar-ios,107,2019-10-05T13:31:05Z,2019-10-05T16:15:43Z,2019-10-05T16:15:47Z,MERGED,True,2,0,1,https://github.com/BenSartor,pullrequest ios13 disable darkmode,1,[],https://github.com/simlar/simlar-ios/pull/107,https://github.com/BenSartor,1,https://github.com/simlar/simlar-ios/pull/107,,,True,{}
simlar/simlar-ios,https://github.com/simlar/simlar-ios,108,2019-10-05T14:53:13Z,2019-10-05T16:16:27Z,2019-10-05T16:16:30Z,MERGED,True,4,4,3,https://github.com/BenSartor,Pullrequest harmonize deployment target,2,[],https://github.com/simlar/simlar-ios/pull/108,https://github.com/BenSartor,1,https://github.com/simlar/simlar-ios/pull/108,,,True,{}
simlar/simlar-ios,https://github.com/simlar/simlar-ios,109,2019-10-09T18:41:32Z,2019-10-09T21:29:13Z,2019-10-09T21:29:16Z,MERGED,True,13,12,4,https://github.com/BenSartor,Pullrequest iOS 13 bluetooth icon,4,[],https://github.com/simlar/simlar-ios/pull/109,https://github.com/BenSartor,1,https://github.com/simlar/simlar-ios/pull/109,,,True,{}
simlar/simlar-ios,https://github.com/simlar/simlar-ios,110,2019-10-09T21:06:31Z,2019-10-09T21:29:51Z,2019-10-09T21:29:53Z,MERGED,True,18,4,17,https://github.com/BenSartor,Pullrequest liblinphone 4.2 update 2019/10/09,1,[],https://github.com/simlar/simlar-ios/pull/110,https://github.com/BenSartor,1,https://github.com/simlar/simlar-ios/pull/110,,,True,{}
simlar/simlar-ios,https://github.com/simlar/simlar-ios,111,2019-10-10T00:28:56Z,2019-10-10T11:01:38Z,2019-10-10T11:01:41Z,MERGED,True,34,32,4,https://github.com/BenSartor,Pullrequest use old xcode 10.3 again,4,[],https://github.com/simlar/simlar-ios/pull/111,https://github.com/BenSartor,1,https://github.com/simlar/simlar-ios/pull/111,See https://linphone.org/news/ios-13-important-changes-voipim-apps,See https://linphone.org/news/ios-13-important-changes-voipim-apps,True,{}
simlar/simlar-ios,https://github.com/simlar/simlar-ios,112,2020-01-05T01:54:17Z,2020-01-05T08:51:22Z,2020-01-05T08:51:26Z,MERGED,True,1,1,1,https://github.com/BenSartor,Pullrequest update cocoapods 1.8.3 -> 1.8.4,1,[],https://github.com/simlar/simlar-ios/pull/112,https://github.com/BenSartor,1,https://github.com/simlar/simlar-ios/pull/112,,,True,{}
simlar/simlar-ios,https://github.com/simlar/simlar-ios,113,2020-01-05T20:49:29Z,2020-01-05T21:39:27Z,2020-01-05T21:39:30Z,MERGED,True,3,3,2,https://github.com/BenSartor,Pullrequest pre callkit cleanups,2,[],https://github.com/simlar/simlar-ios/pull/113,https://github.com/BenSartor,1,https://github.com/simlar/simlar-ios/pull/113,,,True,{}
simlar/simlar-ios,https://github.com/simlar/simlar-ios,114,2020-01-07T22:36:24Z,2020-01-11T11:43:29Z,2020-01-11T11:43:33Z,MERGED,True,239,1,10,https://github.com/BenSartor,Pullrequest callkit incoming call,12,[],https://github.com/simlar/simlar-ios/pull/114,https://github.com/BenSartor,1,https://github.com/simlar/simlar-ios/pull/114,"Hi @jritzerfeld,
actually this video describes callkit quiet well.","Hi @jritzerfeld,
actually this video describes callkit quiet well.",True,{}
simlar/simlar-ios,https://github.com/simlar/simlar-ios,115,2020-01-11T12:19:15Z,2020-01-11T12:41:35Z,2020-01-11T12:41:38Z,MERGED,True,91,8,5,https://github.com/BenSartor,Pullrequest callkit outgoing call,4,[],https://github.com/simlar/simlar-ios/pull/115,https://github.com/BenSartor,1,https://github.com/simlar/simlar-ios/pull/115,,,True,{}
simlar/simlar-ios,https://github.com/simlar/simlar-ios,116,2020-01-11T15:43:31Z,2020-01-12T19:24:48Z,2020-01-12T19:24:52Z,MERGED,True,34,1,6,https://github.com/BenSartor,Pullrequest callkit recents,4,[],https://github.com/simlar/simlar-ios/pull/116,https://github.com/BenSartor,1,https://github.com/simlar/simlar-ios/pull/116,,,True,{}
simlar/simlar-ios,https://github.com/simlar/simlar-ios,117,2020-01-12T21:21:11Z,2020-01-12T22:24:05Z,2020-01-12T22:24:08Z,MERGED,True,67,6,8,https://github.com/BenSartor,Pullrequest callkit remote ends call,6,[],https://github.com/simlar/simlar-ios/pull/117,https://github.com/BenSartor,1,https://github.com/simlar/simlar-ios/pull/117,,,True,{}
simlar/simlar-ios,https://github.com/simlar/simlar-ios,118,2020-01-12T23:19:08Z,2020-01-15T20:15:18Z,2020-01-15T20:15:22Z,MERGED,True,10,472,14,https://github.com/BenSartor,Pullrequest callkit removes,9,[],https://github.com/simlar/simlar-ios/pull/118,https://github.com/BenSartor,1,https://github.com/simlar/simlar-ios/pull/118,,,True,{}
simlar/simlar-ios,https://github.com/simlar/simlar-ios,119,2020-01-17T09:39:18Z,2020-01-18T19:57:25Z,2020-01-18T19:57:28Z,MERGED,True,15,16,7,https://github.com/BenSartor,Pullrequest iOS 10,6,[],https://github.com/simlar/simlar-ios/pull/119,https://github.com/BenSartor,1,https://github.com/simlar/simlar-ios/pull/119,,,True,{}
simlar/simlar-ios,https://github.com/simlar/simlar-ios,120,2020-01-20T22:28:08Z,2020-01-23T18:10:50Z,2020-01-23T18:10:54Z,MERGED,True,108,95,8,https://github.com/BenSartor,Pullrequest iOS 10 UserNotifications,4,[],https://github.com/simlar/simlar-ios/pull/120,https://github.com/BenSartor,1,https://github.com/simlar/simlar-ios/pull/120,,,True,{}
simlar/simlar-ios,https://github.com/simlar/simlar-ios,120,2020-01-20T22:28:08Z,2020-01-23T18:10:50Z,2020-01-23T18:10:54Z,MERGED,True,108,95,8,https://github.com/BenSartor,Pullrequest iOS 10 UserNotifications,4,[],https://github.com/simlar/simlar-ios/pull/120,https://github.com/BenSartor,2,https://github.com/simlar/simlar-ios/pull/120#issuecomment-576931029,,"https://blog.cocoapods.org/CocoaPods-1.7.2/

Thanks for pointing this out!",True,{}
simlar/simlar-ios,https://github.com/simlar/simlar-ios,121,2020-02-06T00:49:11Z,2020-02-11T23:00:03Z,2020-02-11T23:00:07Z,MERGED,True,138,3,7,https://github.com/BenSartor,Pullrequest callkit aes encrypted caller,6,[],https://github.com/simlar/simlar-ios/pull/121,https://github.com/BenSartor,1,https://github.com/simlar/simlar-ios/pull/121,,,True,{}
simlar/simlar-ios,https://github.com/simlar/simlar-ios,121,2020-02-06T00:49:11Z,2020-02-11T23:00:03Z,2020-02-11T23:00:07Z,MERGED,True,138,3,7,https://github.com/BenSartor,Pullrequest callkit aes encrypted caller,6,[],https://github.com/simlar/simlar-ios/pull/121,https://github.com/BenSartor,2,https://github.com/simlar/simlar-ios/pull/121#issuecomment-584877819,,"Hi @jritzerfeld,
there is another new commit: 450fc07
Cheers,
Ben",True,{}
simlar/simlar-ios,https://github.com/simlar/simlar-ios,122,2020-02-17T22:39:08Z,2020-02-18T07:39:15Z,2020-02-18T07:39:18Z,MERGED,True,44,14,5,https://github.com/BenSartor,Pullrequest callkit fix incoming call timing issue,3,[],https://github.com/simlar/simlar-ios/pull/122,https://github.com/BenSartor,1,https://github.com/simlar/simlar-ios/pull/122,,,True,{}
simlar/simlar-ios,https://github.com/simlar/simlar-ios,123,2020-03-04T17:58:13Z,2020-03-10T06:37:01Z,2020-03-10T06:37:05Z,MERGED,True,10,14,6,https://github.com/BenSartor,Pullrequest callkit logo,2,[],https://github.com/simlar/simlar-ios/pull/123,https://github.com/BenSartor,1,https://github.com/simlar/simlar-ios/pull/123,,,True,{}
simlar/simlar-ios,https://github.com/simlar/simlar-ios,124,2020-03-19T22:01:24Z,2020-03-20T19:17:43Z,2020-03-20T19:17:47Z,MERGED,True,73,106,8,https://github.com/BenSartor,Pullrequest CallKit AudioSession,9,[],https://github.com/simlar/simlar-ios/pull/124,https://github.com/BenSartor,1,https://github.com/simlar/simlar-ios/pull/124,,,True,{}
simlar/simlar-ios,https://github.com/simlar/simlar-ios,125,2020-03-19T22:13:30Z,2020-03-20T19:21:14Z,2020-03-20T19:21:18Z,MERGED,True,9781,4036,224,https://github.com/BenSartor,Pullrequest liblinphone 4.3.1,15,[],https://github.com/simlar/simlar-ios/pull/125,https://github.com/BenSartor,1,https://github.com/simlar/simlar-ios/pull/125,,,True,{}
simlar/simlar-ios,https://github.com/simlar/simlar-ios,126,2020-03-21T12:40:53Z,2020-03-21T12:42:01Z,2020-03-21T12:42:49Z,MERGED,True,10537,4699,259,https://github.com/BenSartor,PullRequest Callkit,92,[],https://github.com/simlar/simlar-ios/pull/126,https://github.com/BenSartor,1,https://github.com/simlar/simlar-ios/pull/126,,,True,{}
simlar/simlar-ios,https://github.com/simlar/simlar-ios,127,2020-04-29T08:59:21Z,2020-08-21T00:18:24Z,2020-08-21T00:18:28Z,MERGED,True,5,0,1,https://github.com/apps/renovate,Configure Renovate,2,[],https://github.com/simlar/simlar-ios/pull/127,https://github.com/apps/renovate,1,https://github.com/simlar/simlar-ios/pull/127,"Welcome to Renovate! This is an onboarding PR to help you understand and configure settings before regular Pull Requests begin.
üö¶ To activate Renovate, merge this Pull Request. To disable Renovate, simply close this Pull Request unmerged.

Detected Package Files

Podfile (cocoapods)

Configuration
üî° Renovate has detected a custom config for this PR. Feel free to ask for help if you have any doubts and would like it reviewed.
Important: Now that this branch is edited, Renovate can't rebase it from the base branch any more. If you make changes to the base branch that could impact this onboarding PR, please merge them manually.
What to Expect
With your current configuration, Renovate will create 1 Pull Request:

Update dependency CocoaLumberjack to v3.6.2

Schedule: [""at any time""]
Branch name: renovate/cocoalumberjack
Merge into: master
Upgrade CocoaLumberjack to 3.6.2



‚ö†Ô∏è Dependency Lookup Warnings ‚ö†Ô∏è
Please correct - or verify that you can safely ignore - these lookup failures before you merge this PR.

Failed to look up dependency linphone-sdk

Files affected: Podfile

‚ùì Got questions? Check out Renovate's Docs, particularly the Getting Started section.
If you need any further assistance then you can also request help here.

This PR has been generated by WhiteSource Renovate. View repository job log here.","Welcome to Renovate! This is an onboarding PR to help you understand and configure settings before regular Pull Requests begin.
üö¶ To activate Renovate, merge this Pull Request. To disable Renovate, simply close this Pull Request unmerged.

Detected Package Files

Podfile (cocoapods)

Configuration
üî° Renovate has detected a custom config for this PR. Feel free to ask for help if you have any doubts and would like it reviewed.
Important: Now that this branch is edited, Renovate can't rebase it from the base branch any more. If you make changes to the base branch that could impact this onboarding PR, please merge them manually.
What to Expect
With your current configuration, Renovate will create 1 Pull Request:

Update dependency CocoaLumberjack to v3.6.2

Schedule: [""at any time""]
Branch name: renovate/cocoalumberjack
Merge into: master
Upgrade CocoaLumberjack to 3.6.2



‚ö†Ô∏è Dependency Lookup Warnings ‚ö†Ô∏è
Please correct - or verify that you can safely ignore - these lookup failures before you merge this PR.

Failed to look up dependency linphone-sdk

Files affected: Podfile

‚ùì Got questions? Check out Renovate's Docs, particularly the Getting Started section.
If you need any further assistance then you can also request help here.

This PR has been generated by WhiteSource Renovate. View repository job log here.",True,{}
simlar/simlar-ios,https://github.com/simlar/simlar-ios,128,2020-08-18T23:29:34Z,2020-08-20T18:00:40Z,2020-08-20T18:00:49Z,MERGED,True,80,52477,247,https://github.com/BenSartor,Pullrequest liblinphone 4.4.1,18,[],https://github.com/simlar/simlar-ios/pull/128,https://github.com/BenSartor,1,https://github.com/simlar/simlar-ios/pull/128,,,True,{}
simlar/simlar-ios,https://github.com/simlar/simlar-ios,129,2020-08-18T23:43:45Z,2020-08-19T06:44:57Z,2020-08-19T06:45:00Z,MERGED,True,1,1,1,https://github.com/BenSartor,pullrequest readme references travis-ci.com,1,[],https://github.com/simlar/simlar-ios/pull/129,https://github.com/BenSartor,1,https://github.com/simlar/simlar-ios/pull/129,,,True,{}
simlar/simlar-ios,https://github.com/simlar/simlar-ios,131,2020-08-21T00:20:04Z,2020-09-05T17:34:28Z,2020-09-05T17:34:33Z,CLOSED,False,7,7,2,https://github.com/apps/renovate,Update dependency CocoaLumberjack to v3.6.2 - autoclosed,1,[],https://github.com/simlar/simlar-ios/pull/131,https://github.com/apps/renovate,1,https://github.com/simlar/simlar-ios/pull/131,"This PR contains the following updates:



Package
Update
Change




CocoaLumberjack
minor
3.5.3 -> 3.6.2




Renovate configuration
üìÖ Schedule: At any time (no schedule defined).
üö¶ Automerge: Disabled by config. Please merge this manually once you are satisfied.
‚ôªÔ∏è Rebasing: Whenever PR becomes conflicted, or you tick the rebase/retry checkbox.
üîï Ignore: Close this PR and you won't be reminded about this update again.


 If you want to rebase/retry this PR, check this box


This PR has been generated by WhiteSource Renovate. View repository job log here.","This PR contains the following updates:



Package
Update
Change




CocoaLumberjack
minor
3.5.3 -> 3.6.2




Renovate configuration
üìÖ Schedule: At any time (no schedule defined).
üö¶ Automerge: Disabled by config. Please merge this manually once you are satisfied.
‚ôªÔ∏è Rebasing: Whenever PR becomes conflicted, or you tick the rebase/retry checkbox.
üîï Ignore: Close this PR and you won't be reminded about this update again.


 If you want to rebase/retry this PR, check this box


This PR has been generated by WhiteSource Renovate. View repository job log here.",True,{}
simlar/simlar-ios,https://github.com/simlar/simlar-ios,132,2020-08-21T00:30:00Z,2020-09-05T16:38:58Z,2020-09-05T16:39:02Z,MERGED,True,3,0,1,https://github.com/BenSartor,Pullrequest add me as reviewer to renovate pullrequests,1,[],https://github.com/simlar/simlar-ios/pull/132,https://github.com/BenSartor,1,https://github.com/simlar/simlar-ios/pull/132,,,True,{}
simlar/simlar-ios,https://github.com/simlar/simlar-ios,133,2020-08-21T00:47:55Z,2020-09-05T16:51:51Z,2020-09-05T16:51:57Z,MERGED,True,8,7,1,https://github.com/BenSartor,Pullrequest fix callkit initialization after account creation,2,[],https://github.com/simlar/simlar-ios/pull/133,https://github.com/BenSartor,1,https://github.com/simlar/simlar-ios/pull/133,,,True,{}
simlar/simlar-ios,https://github.com/simlar/simlar-ios,134,2020-08-21T01:09:53Z,2020-09-05T16:58:04Z,2020-09-05T16:58:08Z,MERGED,True,8,8,3,https://github.com/BenSartor,Pullrequest dependency update CocoaLumberjack 3.6.2,2,[],https://github.com/simlar/simlar-ios/pull/134,https://github.com/BenSartor,1,https://github.com/simlar/simlar-ios/pull/134,,,True,{}
simlar/simlar-ios,https://github.com/simlar/simlar-ios,135,2020-08-21T01:12:39Z,2020-09-05T16:45:15Z,2020-09-05T16:45:17Z,MERGED,True,4,4,2,https://github.com/BenSartor,Pullrequest Xcode 11.6,2,[],https://github.com/simlar/simlar-ios/pull/135,https://github.com/BenSartor,1,https://github.com/simlar/simlar-ios/pull/135,,,True,{}
simlar/simlar-ios,https://github.com/simlar/simlar-ios,136,2020-10-01T17:32:14Z,2020-10-08T09:22:09Z,2020-10-08T09:22:13Z,MERGED,True,7,7,2,https://github.com/apps/renovate,Update dependency CocoaLumberjack to v3.7.0,1,[],https://github.com/simlar/simlar-ios/pull/136,https://github.com/apps/renovate,1,https://github.com/simlar/simlar-ios/pull/136,"This PR contains the following updates:



Package
Update
Change




CocoaLumberjack
minor
3.6.2 -> 3.7.0




Renovate configuration
üìÖ Schedule: At any time (no schedule defined).
üö¶ Automerge: Disabled by config. Please merge this manually once you are satisfied.
‚ôªÔ∏è Rebasing: Whenever PR becomes conflicted, or you tick the rebase/retry checkbox.
üîï Ignore: Close this PR and you won't be reminded about this update again.


 If you want to rebase/retry this PR, check this box


This PR has been generated by WhiteSource Renovate. View repository job log here.","This PR contains the following updates:



Package
Update
Change




CocoaLumberjack
minor
3.6.2 -> 3.7.0




Renovate configuration
üìÖ Schedule: At any time (no schedule defined).
üö¶ Automerge: Disabled by config. Please merge this manually once you are satisfied.
‚ôªÔ∏è Rebasing: Whenever PR becomes conflicted, or you tick the rebase/retry checkbox.
üîï Ignore: Close this PR and you won't be reminded about this update again.


 If you want to rebase/retry this PR, check this box


This PR has been generated by WhiteSource Renovate. View repository job log here.",True,{}
simlar/simlar-ios,https://github.com/simlar/simlar-ios,137,2020-10-08T12:11:38Z,2020-10-09T13:58:58Z,2020-10-09T13:59:01Z,MERGED,True,17,26,5,https://github.com/BenSartor,Pullrequest Xcode 12.0.1,4,[],https://github.com/simlar/simlar-ios/pull/137,https://github.com/BenSartor,1,https://github.com/simlar/simlar-ios/pull/137,,,True,{}
simlar/simlar-ios,https://github.com/simlar/simlar-ios,138,2020-10-08T12:13:42Z,2020-10-09T13:57:18Z,2020-10-09T13:57:22Z,MERGED,True,16,16,3,https://github.com/BenSartor,Pullrequest liblinphone 4.4.2,2,[],https://github.com/simlar/simlar-ios/pull/138,https://github.com/BenSartor,1,https://github.com/simlar/simlar-ios/pull/138,,,True,{}
simlar/simlar-ios,https://github.com/simlar/simlar-ios,139,2020-10-09T22:13:18Z,2020-10-10T23:24:25Z,2020-10-10T23:24:28Z,MERGED,True,5,0,1,https://github.com/BenSartor,Pullrequest network settings optimization,2,[],https://github.com/simlar/simlar-ios/pull/139,https://github.com/BenSartor,1,https://github.com/simlar/simlar-ios/pull/139,,,True,{}
simlar/simlar-ios,https://github.com/simlar/simlar-ios,140,2020-10-22T14:45:56Z,2020-10-26T17:39:44Z,2020-10-26T17:39:47Z,MERGED,True,3,3,3,https://github.com/BenSartor,Pullrequest Xcode 12.1,3,[],https://github.com/simlar/simlar-ios/pull/140,https://github.com/BenSartor,1,https://github.com/simlar/simlar-ios/pull/140,,,True,{}
simlar/simlar-ios,https://github.com/simlar/simlar-ios,141,2020-10-22T14:49:10Z,2020-10-26T17:39:17Z,2020-10-26T17:39:20Z,MERGED,True,16,16,3,https://github.com/BenSartor,Pullrequest liblinphone 4.4.3,5,[],https://github.com/simlar/simlar-ios/pull/141,https://github.com/BenSartor,1,https://github.com/simlar/simlar-ios/pull/141,,,True,{}
simlar/simlar-ios,https://github.com/simlar/simlar-ios,142,2020-10-28T16:35:28Z,2020-10-28T17:08:29Z,2020-10-28T17:08:33Z,MERGED,True,17,17,3,https://github.com/BenSartor,Pullrequest liblinphone 4.4.6,5,[],https://github.com/simlar/simlar-ios/pull/142,https://github.com/BenSartor,1,https://github.com/simlar/simlar-ios/pull/142,,,True,{}
simlar/simlar-ios,https://github.com/simlar/simlar-ios,143,2020-11-14T12:07:25Z,2020-11-15T12:11:14Z,2020-11-15T12:11:17Z,MERGED,True,5,5,3,https://github.com/BenSartor,Pullrequest Xcode 12.2,3,[],https://github.com/simlar/simlar-ios/pull/143,https://github.com/BenSartor,1,https://github.com/simlar/simlar-ios/pull/143,,,True,{}
simlar/simlar-ios,https://github.com/simlar/simlar-ios,144,2020-11-14T12:10:46Z,2020-11-15T12:10:18Z,2020-11-15T12:10:21Z,MERGED,True,16,16,3,https://github.com/BenSartor,Pullrequest liblinphone 4.4.8,4,[],https://github.com/simlar/simlar-ios/pull/144,https://github.com/BenSartor,1,https://github.com/simlar/simlar-ios/pull/144,,,True,{}
simlar/simlar-ios,https://github.com/simlar/simlar-ios,145,2020-11-30T17:39:24Z,2020-12-01T15:37:21Z,2020-12-01T15:37:21Z,MERGED,True,16,16,3,https://github.com/BenSartor,Pullrequest liblinphone 4.4.13,4,[],https://github.com/simlar/simlar-ios/pull/145,https://github.com/BenSartor,1,https://github.com/simlar/simlar-ios/pull/145,,,True,{}
simlar/simlar-ios,https://github.com/simlar/simlar-ios,146,2020-12-10T03:56:53Z,2020-12-10T08:53:55Z,2020-12-10T08:53:57Z,MERGED,True,16,16,3,https://github.com/BenSartor,Pullrequest liblinphone 4.4.15,4,[],https://github.com/simlar/simlar-ios/pull/146,https://github.com/BenSartor,1,https://github.com/simlar/simlar-ios/pull/146,,,True,{}
simlar/simlar-ios,https://github.com/simlar/simlar-ios,147,2020-12-17T00:28:01Z,2020-12-17T07:41:37Z,2020-12-17T07:41:40Z,MERGED,True,0,0,1,https://github.com/BenSartor,Pullrequest letsencrypt update,1,[],https://github.com/simlar/simlar-ios/pull/147,https://github.com/BenSartor,1,https://github.com/simlar/simlar-ios/pull/147,wget --output-document Simlar/resources/letsencryptca.der https://letsencrypt.org/certs/lets-encrypt-r3.der,wget --output-document Simlar/resources/letsencryptca.der https://letsencrypt.org/certs/lets-encrypt-r3.der,True,{}
simlar/simlar-ios,https://github.com/simlar/simlar-ios,148,2020-12-17T00:31:20Z,2020-12-17T07:40:36Z,2020-12-17T07:40:40Z,MERGED,True,16,16,3,https://github.com/BenSartor,Pullrequest liblinphone 4.4.17,4,[],https://github.com/simlar/simlar-ios/pull/148,https://github.com/BenSartor,1,https://github.com/simlar/simlar-ios/pull/148,,,True,{}
simlar/simlar-ios,https://github.com/simlar/simlar-ios,149,2020-12-17T00:35:48Z,2020-12-17T15:53:22Z,2020-12-17T15:53:26Z,MERGED,True,5,5,3,https://github.com/BenSartor,Pullrequest Xcode 12.3,3,[],https://github.com/simlar/simlar-ios/pull/149,https://github.com/BenSartor,1,https://github.com/simlar/simlar-ios/pull/149,,,True,{}
simlar/simlar-ios,https://github.com/simlar/simlar-ios,150,2020-12-17T02:25:44Z,2020-12-17T11:13:28Z,2020-12-17T11:13:28Z,CLOSED,False,40,23,9,https://github.com/BenSartor,WIP: Dev 2020 12 17,46,[],https://github.com/simlar/simlar-ios/pull/150,https://github.com/BenSartor,1,https://github.com/simlar/simlar-ios/pull/150,,,True,{}
simlar/simlar-ios,https://github.com/simlar/simlar-ios,151,2020-12-17T11:17:20Z,2020-12-17T14:19:50Z,2020-12-17T14:19:54Z,MERGED,True,19,1,2,https://github.com/BenSartor,Pullrequest gitHub action ci,3,[],https://github.com/simlar/simlar-ios/pull/151,https://github.com/BenSartor,1,https://github.com/simlar/simlar-ios/pull/151,My travis-ci credits have been spent. So lets switch to github actions.,My travis-ci credits have been spent. So lets switch to github actions.,True,{}
simlar/simlar-ios,https://github.com/simlar/simlar-ios,151,2020-12-17T11:17:20Z,2020-12-17T14:19:50Z,2020-12-17T14:19:54Z,MERGED,True,19,1,2,https://github.com/BenSartor,Pullrequest gitHub action ci,3,[],https://github.com/simlar/simlar-ios/pull/151,https://github.com/mehrad-rafigh,2,https://github.com/simlar/simlar-ios/pull/151#issuecomment-747466171,My travis-ci credits have been spent. So lets switch to github actions.,Nice one @BenSartor! LGTM  üéâ,True,{}
simlar/simlar-ios,https://github.com/simlar/simlar-ios,152,2020-12-18T16:25:31Z,2020-12-21T18:36:39Z,2020-12-21T18:36:42Z,MERGED,True,0,12,1,https://github.com/BenSartor,Pullrequest travis ci remove,1,[],https://github.com/simlar/simlar-ios/pull/152,https://github.com/BenSartor,1,https://github.com/simlar/simlar-ios/pull/152,,,True,{}
simlar/simlar-ios,https://github.com/simlar/simlar-ios,152,2020-12-18T16:25:31Z,2020-12-21T18:36:39Z,2020-12-21T18:36:42Z,MERGED,True,0,12,1,https://github.com/BenSartor,Pullrequest travis ci remove,1,[],https://github.com/simlar/simlar-ios/pull/152,https://github.com/mehrad-rafigh,2,https://github.com/simlar/simlar-ios/pull/152#issuecomment-748635297,,@BenSartor would take a look please?,True,{}
simlar/simlar-ios,https://github.com/simlar/simlar-ios,153,2020-12-21T18:41:02Z,2020-12-22T01:30:12Z,2020-12-22T01:30:15Z,MERGED,True,16,16,3,https://github.com/BenSartor,Pullrequest liblinphone 4.4.20,4,[],https://github.com/simlar/simlar-ios/pull/153,https://github.com/BenSartor,1,https://github.com/simlar/simlar-ios/pull/153,,,True,{}
simlar/simlar-ios,https://github.com/simlar/simlar-ios,154,2020-12-21T18:42:47Z,2020-12-22T01:30:47Z,2020-12-22T01:30:51Z,MERGED,True,2,0,1,https://github.com/BenSartor,Pullrequest github actions schedule,1,[],https://github.com/simlar/simlar-ios/pull/154,https://github.com/BenSartor,1,https://github.com/simlar/simlar-ios/pull/154,,,True,{}
simlar/simlar-ios,https://github.com/simlar/simlar-ios,155,2020-12-28T17:26:48Z,2020-12-29T07:34:48Z,2020-12-29T07:34:53Z,MERGED,True,16,16,3,https://github.com/BenSartor,Pullrequest liblinphone 4.4.21,4,[],https://github.com/simlar/simlar-ios/pull/155,https://github.com/BenSartor,1,https://github.com/simlar/simlar-ios/pull/155,,,True,{}
simlar/simlar-ios,https://github.com/simlar/simlar-ios,156,2021-01-19T17:25:44Z,2021-02-01T17:32:08Z,2021-02-01T17:32:12Z,MERGED,True,17,50,2,https://github.com/BenSartor,Pullrequest Xcode run static code analysis on every build,4,[],https://github.com/simlar/simlar-ios/pull/156,https://github.com/BenSartor,1,https://github.com/simlar/simlar-ios/pull/156,,,True,{}
simlar/simlar-ios,https://github.com/simlar/simlar-ios,158,2021-02-01T17:36:33Z,2021-02-01T17:43:13Z,2021-02-01T17:43:16Z,MERGED,True,16,16,3,https://github.com/BenSartor,Pullrequest liblinphone 4.4.24,4,[],https://github.com/simlar/simlar-ios/pull/158,https://github.com/BenSartor,1,https://github.com/simlar/simlar-ios/pull/158,,,True,{}
simlar/simlar-ios,https://github.com/simlar/simlar-ios,159,2021-02-09T20:08:41Z,2021-02-11T19:27:30Z,2021-02-11T19:27:34Z,MERGED,True,16,16,3,https://github.com/BenSartor,Pullrequest liblinphone 4.4.27,4,[],https://github.com/simlar/simlar-ios/pull/159,https://github.com/BenSartor,1,https://github.com/simlar/simlar-ios/pull/159,,,True,{}
simlar/simlar-ios,https://github.com/simlar/simlar-ios,160,2021-02-09T20:10:16Z,2021-02-11T19:27:07Z,2021-02-11T19:27:10Z,MERGED,True,1,1,1,https://github.com/BenSartor,Pullrequest Xcode 12.4,1,[],https://github.com/simlar/simlar-ios/pull/160,https://github.com/BenSartor,1,https://github.com/simlar/simlar-ios/pull/160,,,True,{}
simlar/simlar-ios,https://github.com/simlar/simlar-ios,161,2021-02-15T23:14:03Z,2021-02-23T18:44:51Z,2021-02-23T18:44:51Z,MERGED,True,16,16,3,https://github.com/BenSartor,Pullrequest liblinphone 4.4.28,4,[],https://github.com/simlar/simlar-ios/pull/161,https://github.com/BenSartor,1,https://github.com/simlar/simlar-ios/pull/161,,,True,{}
simlar/simlar-ios,https://github.com/simlar/simlar-ios,162,2021-02-23T21:08:06Z,2021-02-25T14:30:03Z,2021-02-25T14:30:03Z,MERGED,True,16,16,3,https://github.com/BenSartor,Pullrequest liblinphone 4.4.32,4,[],https://github.com/simlar/simlar-ios/pull/162,https://github.com/BenSartor,1,https://github.com/simlar/simlar-ios/pull/162,,,True,{}
simlar/simlar-ios,https://github.com/simlar/simlar-ios,163,2021-04-07T17:25:59Z,2021-04-21T17:54:30Z,2021-04-21T17:54:35Z,MERGED,True,7,7,2,https://github.com/apps/renovate,Update dependency CocoaLumberjack to v3.7.2,1,[],https://github.com/simlar/simlar-ios/pull/163,https://github.com/apps/renovate,1,https://github.com/simlar/simlar-ios/pull/163,"This PR contains the following updates:



Package
Update
Change




CocoaLumberjack
patch
3.7.0 -> 3.7.2




Configuration
üìÖ Schedule: At any time (no schedule defined).
üö¶ Automerge: Disabled by config. Please merge this manually once you are satisfied.
‚ôªÔ∏è Rebasing: Whenever PR becomes conflicted, or you tick the rebase/retry checkbox.
üîï Ignore: Close this PR and you won't be reminded about this update again.


 If you want to rebase/retry this PR, check this box.


This PR has been generated by WhiteSource Renovate. View repository job log here.","This PR contains the following updates:



Package
Update
Change




CocoaLumberjack
patch
3.7.0 -> 3.7.2




Configuration
üìÖ Schedule: At any time (no schedule defined).
üö¶ Automerge: Disabled by config. Please merge this manually once you are satisfied.
‚ôªÔ∏è Rebasing: Whenever PR becomes conflicted, or you tick the rebase/retry checkbox.
üîï Ignore: Close this PR and you won't be reminded about this update again.


 If you want to rebase/retry this PR, check this box.


This PR has been generated by WhiteSource Renovate. View repository job log here.",True,{}
simlar/simlar-ios,https://github.com/simlar/simlar-ios,164,2021-04-21T18:29:53Z,2021-04-23T15:17:36Z,2021-04-23T15:17:39Z,MERGED,True,21,21,5,https://github.com/BenSartor,Pullrequest liblinphone 4.4.35,11,[],https://github.com/simlar/simlar-ios/pull/164,https://github.com/BenSartor,1,https://github.com/simlar/simlar-ios/pull/164,,,True,{}
simlar/simlar-ios,https://github.com/simlar/simlar-ios,165,2021-07-27T20:24:12Z,2021-07-28T02:12:19Z,2021-07-28T02:12:22Z,MERGED,True,6,6,3,https://github.com/BenSartor,Pullrequest xcode 12.5,3,[],https://github.com/simlar/simlar-ios/pull/165,https://github.com/BenSartor,1,https://github.com/simlar/simlar-ios/pull/165,,,True,{}
simlar/simlar-ios,https://github.com/simlar/simlar-ios,166,2021-07-29T15:57:54Z,2021-07-30T08:20:40Z,2021-07-30T08:20:42Z,MERGED,True,1,1,1,https://github.com/BenSartor,Pullrequest CocoaPods 1.10.2,1,[],https://github.com/simlar/simlar-ios/pull/166,https://github.com/BenSartor,1,https://github.com/simlar/simlar-ios/pull/166,,,True,{}
simlar/simlar-ios,https://github.com/simlar/simlar-ios,168,2021-12-13T20:26:59Z,2021-12-14T12:11:29Z,2021-12-14T12:12:02Z,MERGED,True,7,7,4,https://github.com/BenSartor,Pullrequest Xcode 13.1,4,[],https://github.com/simlar/simlar-ios/pull/168,https://github.com/BenSartor,1,https://github.com/simlar/simlar-ios/pull/168,,,True,{}
simlar/simlar-ios,https://github.com/simlar/simlar-ios,169,2022-03-07T12:04:30Z,,2022-03-07T12:04:34Z,OPEN,False,1,1,1,https://github.com/apps/renovate,Update dependency CocoaLumberjack to v3.7.4,1,[],https://github.com/simlar/simlar-ios/pull/169,https://github.com/apps/renovate,1,https://github.com/simlar/simlar-ios/pull/169,"This PR contains the following updates:



Package
Update
Change




CocoaLumberjack
patch
3.7.2 -> 3.7.4




Configuration
üìÖ Schedule: At any time (no schedule defined).
üö¶ Automerge: Disabled by config. Please merge this manually once you are satisfied.
‚ôª Rebasing: Whenever PR becomes conflicted, or you tick the rebase/retry checkbox.
üîï Ignore: Close this PR and you won't be reminded about this update again.


 If you want to rebase/retry this PR, click this checkbox.


This PR has been generated by WhiteSource Renovate. View repository job log here.","This PR contains the following updates:



Package
Update
Change




CocoaLumberjack
patch
3.7.2 -> 3.7.4




Configuration
üìÖ Schedule: At any time (no schedule defined).
üö¶ Automerge: Disabled by config. Please merge this manually once you are satisfied.
‚ôª Rebasing: Whenever PR becomes conflicted, or you tick the rebase/retry checkbox.
üîï Ignore: Close this PR and you won't be reminded about this update again.


 If you want to rebase/retry this PR, click this checkbox.


This PR has been generated by WhiteSource Renovate. View repository job log here.",True,{}
simlar/simlar-ios,https://github.com/simlar/simlar-ios,169,2022-03-07T12:04:30Z,,2022-03-07T12:04:34Z,OPEN,False,1,1,1,https://github.com/apps/renovate,Update dependency CocoaLumberjack to v3.7.4,1,[],https://github.com/simlar/simlar-ios/pull/169,https://github.com/apps/renovate,2,https://github.com/simlar/simlar-ios/pull/169#issuecomment-1060615913,"This PR contains the following updates:



Package
Update
Change




CocoaLumberjack
patch
3.7.2 -> 3.7.4




Configuration
üìÖ Schedule: At any time (no schedule defined).
üö¶ Automerge: Disabled by config. Please merge this manually once you are satisfied.
‚ôª Rebasing: Whenever PR becomes conflicted, or you tick the rebase/retry checkbox.
üîï Ignore: Close this PR and you won't be reminded about this update again.


 If you want to rebase/retry this PR, click this checkbox.


This PR has been generated by WhiteSource Renovate. View repository job log here.","‚ö† Artifact update problem
Renovate failed to update an artifact related to this branch. You probably do not want to merge this PR as-is.
‚ôª Renovate will retry this branch, including artifacts, only when one of the following happens:

any of the package files in this branch needs updating, or
the branch becomes conflicted, or
you click the rebase/retry checkbox if found above, or
you rename this PR's title to start with ""rebase!"" to trigger it manually

The artifact failure details are included below:
File name: Podfile.lock
Analyzing dependencies
Adding spec repo `trunk` with CDN `https://cdn.cocoapods.org/`
Cloning spec repo `linphone-bc-public-podspec` from `https://gitlab.linphone.org/BC/public/podspec.git`
Downloading dependencies
Installing CocoaLumberjack (3.7.4)
Installing libPhoneNumber-iOS (0.9.15)
Installing linphone-sdk (4.4.35)

[!] Error installing linphone-sdk
[!] /usr/bin/unzip /tmp/d20220307-6-1huca8s/file.zip -d /tmp/d20220307-6-1huca8s

Archive:  /tmp/d20220307-6-1huca8s/file.zip
  End-of-central-directory signature not found.  Either this file is not
  a zipfile, or it constitutes one disk of a multi-part archive.  In the
  latter case the central directory and zipfile comment will be found on
  the last disk(s) of this archive.
unzip:  cannot find zipfile directory in one of /tmp/d20220307-6-1huca8s/file.zip or
        /tmp/d20220307-6-1huca8s/file.zip.zip, and cannot find /tmp/d20220307-6-1huca8s/file.zip.ZIP, period.",True,{}
simlar/simlar-ios,https://github.com/simlar/simlar-ios,170,2022-03-07T12:04:37Z,,2022-04-24T23:14:52Z,OPEN,False,1,1,1,https://github.com/apps/renovate,Update actions/checkout action to v3,1,[],https://github.com/simlar/simlar-ios/pull/170,https://github.com/apps/renovate,1,https://github.com/simlar/simlar-ios/pull/170,"This PR contains the following updates:



Package
Type
Update
Change




actions/checkout
action
major
v2 -> v3




Release Notes

actions/checkout
v3
Compare Source

Add input set-safe-directory



Configuration
üìÖ Schedule: At any time (no schedule defined).
üö¶ Automerge: Disabled by config. Please merge this manually once you are satisfied.
‚ôª Rebasing: Whenever PR becomes conflicted, or you tick the rebase/retry checkbox.
üîï Ignore: Close this PR and you won't be reminded about this update again.


 If you want to rebase/retry this PR, click this checkbox.


This PR has been generated by WhiteSource Renovate. View repository job log here.","This PR contains the following updates:



Package
Type
Update
Change




actions/checkout
action
major
v2 -> v3




Release Notes

actions/checkout
v3
Compare Source

Add input set-safe-directory



Configuration
üìÖ Schedule: At any time (no schedule defined).
üö¶ Automerge: Disabled by config. Please merge this manually once you are satisfied.
‚ôª Rebasing: Whenever PR becomes conflicted, or you tick the rebase/retry checkbox.
üîï Ignore: Close this PR and you won't be reminded about this update again.


 If you want to rebase/retry this PR, click this checkbox.


This PR has been generated by WhiteSource Renovate. View repository job log here.",True,{}
